USE BuenSaborPrueba;

INSERT INTO `pais` (`id`, `alta`, `nombre`) VALUES 
('00000001-0000-0000-0000-000000000001', NOW(), 'Argentina');

INSERT INTO `provincia` (`id`, `alta`, `nombre`, `pais_id`) VALUES 
('00000002-0000-0000-0000-000000000001', NOW(), 'Mendoza', '00000001-0000-0000-0000-000000000001');

INSERT INTO `localidad` (`id`, `alta`, `nombre`, `provincia_id`) VALUES 
('00000003-0000-0000-0000-000000000001', NOW(), 'Mendoza Capital', '00000002-0000-0000-0000-000000000001'),
('00000003-0000-0000-0000-000000000002', NOW(), 'Godoy Cruz', '00000002-0000-0000-0000-000000000001'),
('00000003-0000-0000-0000-000000000003', NOW(), 'Guaymallén', '00000002-0000-0000-0000-000000000001');

INSERT INTO `domicilio` (`id`, `alta`, `calle`, `cp`, `numero`, `localidad_id`) VALUES 
('00000004-0000-0000-0000-000000000099', NOW(), 'Av. Arístides Villanueva', 5500, 123, '00000003-0000-0000-0000-000000000001'),
('00000004-0000-0000-0000-000000000001', NOW(), 'Calle Falsa', 5501, 456, '00000003-0000-0000-0000-000000000002'),
('00000004-0000-0000-0000-000000000002', NOW(), 'Paso de los Andes', 5501, 789, '00000003-0000-0000-0000-000000000002'),
('00000004-0000-0000-0000-000000000003', NOW(), 'Belgrano', 5519, 101, '00000003-0000-0000-0000-000000000003'),
('00000004-0000-0000-0000-000000000004', NOW(), 'San Martín', 5500, 202, '00000003-0000-0000-0000-000000000001'),
('00000004-0000-0000-0000-000000000005', NOW(), 'Colon', 5500, 303, '00000003-0000-0000-0000-000000000001'),
('00000004-0000-0000-0000-000000000006', NOW(), 'Las Heras', 5500, 404, '00000003-0000-0000-0000-000000000001'),
('00000004-0000-0000-0000-000000000007', NOW(), 'Mitre', 5501, 505, '00000003-0000-0000-0000-000000000002'),
('00000004-0000-0000-0000-000000000008', NOW(), 'Sarmiento', 5519, 606, '00000003-0000-0000-0000-000000000003'),
('00000004-0000-0000-0000-000000000009', NOW(), 'España', 5500, 707, '00000003-0000-0000-0000-000000000001'),
('00000004-0000-0000-0000-000000000010', NOW(), '9 de Julio', 5500, 808, '00000003-0000-0000-0000-000000000001'),
('00000004-0000-0000-0000-000000000011', NOW(), 'Rivadavia', 5501, 909, '00000003-0000-0000-0000-000000000002'),
('00000004-0000-0000-0000-000000000012', NOW(), 'Chile', 5519, 111, '00000003-0000-0000-0000-000000000003'),
('00000004-0000-0000-0000-000000000013', NOW(), 'Pueyrredón', 5500, 222, '00000003-0000-0000-0000-000000000001'),
('00000004-0000-0000-0000-000000000014', NOW(), 'Viamonte', 5501, 333, '00000003-0000-0000-0000-000000000002'),
('00000004-0000-0000-0000-000000000015', NOW(), 'Alberti', 5519, 444, '00000003-0000-0000-0000-000000000003');

INSERT INTO `empresa` (`id`, `alta`, `cuil`, `nombre`, `razon_social`) VALUES 
('00000005-0000-0000-0000-000000000001', NOW(), 30712345678, 'Buen Sabor Gourtmet', 'Buen Sabor S.A.');

INSERT INTO `sucursal_empresa` (`id`, `alta`, `horario_apertura`, `horario_cierre`, `nombre`, `domicilio_id`) VALUES 
('00000006-0000-0000-0000-000000000001', NOW(), '19:00', '00:00', 'Sucursal Central Mendoza', '00000004-0000-0000-0000-000000000099');

INSERT INTO `empresa_sucursal_empresa` (`empresa_id`, `sucursal_empresa_id`) VALUES 
('00000005-0000-0000-0000-000000000001', '00000006-0000-0000-0000-000000000001');

INSERT INTO `usuario` (`id`, `alta`, `password`, `rol`, `username`, `empresa_id`, `sucursal_empresa_id`) VALUES 
('00000007-0000-0000-0000-000000000000', NOW(), '$2b$12$1RwWUpo42p/9xRMpVxQy/eL/llsP4BEWCOBkjU4o0Zf9mXXsdUNXK', 'ADMIN', 'admin_gral', '00000005-0000-0000-0000-000000000001', '00000006-0000-0000-0000-000000000001'),
('00000007-0000-0000-0000-000000000001', NOW(), '$2b$12$j8G3kv0V1bcMYkl3S7eqrO./ego7G3vngPrYesZnzMQMaolMMkHXW', 'CLIENTE', 'juan_perez', NULL, NULL),
('00000007-0000-0000-0000-000000000002', NOW(), '$2b$12$4E8FmoN.76EQdKPAMdf84.NMpG5RyBdSRygWDAU6eTAE5rVoM5FWS', 'CLIENTE', 'ana_garcia', NULL, NULL),
('00000007-0000-0000-0000-000000000003', NOW(), '$2b$12$99eRyXqmTdmNhN4S4IKUEu25rQCCUu1wgmdnWTu7QtzxsGoJ5xm22', 'CLIENTE', 'carlos_rodriguez', NULL, NULL),
('00000007-0000-0000-0000-000000000004', NOW(), '$2b$12$jVILZNtgUWY7IR.N0BeD7.3L1Ude9Z7rEgdpHh3Q3e0w3qD3iJf6S', 'CLIENTE', 'marta_lopez', NULL, NULL),
('00000007-0000-0000-0000-000000000005', NOW(), '$2b$12$ZVW8J17fZQkadleEeACmLOztwuy/c2ZIpogyhxx2V1F9QBTihk7Aa', 'CLIENTE', 'diego_martinez', NULL, NULL),
('00000007-0000-0000-0000-000000000006', NOW(), '$2b$12$aag1nIE7qXYsKXAL5LcwWugyt6MhHXA5hLvC0jDBChVG4AGP6zAKy', 'CLIENTE', 'lucia_sanchez', NULL, NULL),
('00000007-0000-0000-0000-000000000007', NOW(), '$2b$12$J95zsWOzRNRtXSZxsIl/UOLQW8QdnAqG4AJy1Cu58EgHOtIp1xUte', 'CLIENTE', 'roberto_gomez', NULL, NULL),
('00000007-0000-0000-0000-000000000008', NOW(), '$2b$12$bZpQtosHWYYrG5E/yMJLuejuPGFufBfv83rUM7VchaMPEAlxldX3S', 'CLIENTE', 'elena_diaz', NULL, NULL),
('00000007-0000-0000-0000-000000000009', NOW(), '$2b$12$T/xootTM/WLIzRjNRVSmluT2JaJlIuNkKVuxSlCxXA6GVTH9Av0Qu', 'CLIENTE', 'facundo_paz', NULL, NULL),
('00000007-0000-0000-0000-000000000010', NOW(), '$2b$12$tkzEY0xTaxLrsvjKt1Hf2uTp.9KpU/Hy/1LtoJ892b8bnGpQOLVlq', 'CLIENTE', 'sofa_vera', NULL, NULL),
('00000007-0000-0000-0000-000000000011', NOW(), '$2b$12$CDgYzgQdnrFRr2LL77oUauBE07FSZo7atqfXdCENLYBBw5X66zsUS', 'CLIENTE', 'marcos_ruiz', NULL, NULL),
('00000007-0000-0000-0000-000000000012', NOW(), '$2b$12$gdevg7Qv3T7R5pbmPavE3OP4wcg0oqoGwWVeWJHeu3vpFMC355KlW', 'CLIENTE', 'valeria_luna', NULL, NULL),
('00000007-0000-0000-0000-000000000013', NOW(), '$2b$12$wCQ7NvjrHPK/pEG84uxaTuxcHZMZqC21UqZ6e.m10mEeSl0JqTAeO', 'CLIENTE', 'pablo_torres', NULL, NULL),
('00000007-0000-0000-0000-000000000014', NOW(), '$2b$12$QWC4jHtO4sn8sB.iIUE06OgYgjeJHfo.WRJaR6P7KyVDPlUWSTKvC', 'CLIENTE', 'jimena_rios', NULL, NULL),
('00000007-0000-0000-0000-000000000015', NOW(), '$2b$12$O2zF1uAw3RHJV3tzE94.FOgIyRJCtHBYl9ZUeYx.eVG7IzUOUTzna', 'CLIENTE', 'hugo_sosa', NULL, NULL),
('00000007-0000-0000-0000-000000000091', NOW(), '$2b$12$r2ObdvH05w43tcEOT1FpXOygoUAXqYTmge2ORtlwMmbpNHo86vfvy', 'EMPLEADO', 'cajero_01', '00000005-0000-0000-0000-000000000001', '00000006-0000-0000-0000-000000000001'),
('00000007-0000-0000-0000-000000000092', NOW(), '$2b$12$8Gx2JxDxfM.yNScB6.xUiehECjYGK4.43MRSmXVdeJT9iBVbi6gP.', 'EMPLEADO', 'cocinero_01', '00000005-0000-0000-0000-000000000001', '00000006-0000-0000-0000-000000000001'),
('00000007-0000-0000-0000-000000000093', NOW(), '$2b$12$rPuTPfmvV/hxrowkepadpuCzKQI4Q9d1XqCqj1mgmrQ3lPtOu.g6G', 'EMPLEADO', 'delivery_01', '00000005-0000-0000-0000-000000000001', '00000006-0000-0000-0000-000000000001'),
('00000007-0000-0000-0000-000000000094', NOW(), '$2b$12$8cQkZcPgZcH0T4syoSxeX.zf.1ZBAm/hsV0xWzspBo98ot2Io1cau', 'EMPLEADO', 'cocinero_02', '00000005-0000-0000-0000-000000000001', '00000006-0000-0000-0000-000000000001'),
('00000007-0000-0000-0000-000000000095', NOW(), '$2b$12$kXz72UdZ19c18XqB13v1cua3Fei.V2VmvXTvtiMRj7azFY6BYRwPS', 'EMPLEADO', 'cajero_02', '00000005-0000-0000-0000-000000000001', '00000006-0000-0000-0000-000000000001');

INSERT INTO `cliente` (`id`, `alta`, `apellido`, `email`, `nombre`, `telefono`, `domicilio_id`, `usuario_id`) VALUES 
('00000008-0000-0000-0000-000000000001', NOW(), 'Perez', 'juan@mail.com', 'Juan', '261444555', '00000004-0000-0000-0000-000000000001', '00000007-0000-0000-0000-000000000001'),
('00000008-0000-0000-0000-000000000002', NOW(), 'Garcia', 'ana@mail.com', 'Ana', '261555666', '00000004-0000-0000-0000-000000000002', '00000007-0000-0000-0000-000000000002'),
('00000008-0000-0000-0000-000000000003', NOW(), 'Rodriguez', 'carlos@mail.com', 'Carlos', '261666777', '00000004-0000-0000-0000-000000000003', '00000007-0000-0000-0000-000000000003'),
('00000008-0000-0000-0000-000000000004', NOW(), 'Lopez', 'marta@mail.com', 'Marta', '261777888', '00000004-0000-0000-0000-000000000004', '00000007-0000-0000-0000-000000000004'),
('00000008-0000-0000-0000-000000000005', NOW(), 'Martinez', 'diego@mail.com', 'Diego', '261888999', '00000004-0000-0000-0000-000000000005', '00000007-0000-0000-0000-000000000005'),
('00000008-0000-0000-0000-000000000006', NOW(), 'Sanchez', 'lucia@mail.com', 'Lucia', '261111222', '00000004-0000-0000-0000-000000000006', '00000007-0000-0000-0000-000000000006'),
('00000008-0000-0000-0000-000000000007', NOW(), 'Gomez', 'roberto@mail.com', 'Roberto', '261222333', '00000004-0000-0000-0000-000000000007', '00000007-0000-0000-0000-000000000007'),
('00000008-0000-0000-0000-000000000008', NOW(), 'Diaz', 'elena@mail.com', 'Elena', '261333444', '00000004-0000-0000-0000-000000000008', '00000007-0000-0000-0000-000000000008'),
('00000008-0000-0000-0000-000000000009', NOW(), 'Paz', 'facundo@mail.com', 'Facundo', '261555111', '00000004-0000-0000-0000-000000000009', '00000007-0000-0000-0000-000000000009'),
('00000008-0000-0000-0000-000000000010', NOW(), 'Vera', 'sofa@mail.com', 'Sofa', '261666222', '00000004-0000-0000-0000-000000000010', '00000007-0000-0000-0000-000000000010'),
('00000008-0000-0000-0000-000000000011', NOW(), 'Ruiz', 'marcos@mail.com', 'Marcos', '261777333', '00000004-0000-0000-0000-000000000011', '00000007-0000-0000-0000-000000000011'),
('00000008-0000-0000-0000-000000000012', NOW(), 'Luna', 'valeria@mail.com', 'Valeria', '261888444', '00000004-0000-0000-0000-000000000012', '00000007-0000-0000-0000-000000000012'),
('00000008-0000-0000-0000-000000000013', NOW(), 'Torres', 'pablo@mail.com', 'Pablo', '261999555', '00000004-0000-0000-0000-000000000013', '00000007-0000-0000-0000-000000000013'),
('00000008-0000-0000-0000-000000000014', NOW(), 'Rios', 'jimena@mail.com', 'Jimena', '261123456', '00000004-0000-0000-0000-000000000014', '00000007-0000-0000-0000-000000000014'),
('00000008-0000-0000-0000-000000000015', NOW(), 'Sosa', 'hugo@mail.com', 'Hugo', '261654321', '00000004-0000-0000-0000-000000000015', '00000007-0000-0000-0000-000000000015');

INSERT INTO `empleado` (`id`, `alta`, `apellido`, `cargo`, `email`, `nombre`, `telefono`, `usuario_id`) VALUES 
('00000009-0000-0000-0000-000000000001', NOW(), 'Molina', 'CAJERO', 'cajero1@buensabor.com', 'Ricardo', '261000111', '00000007-0000-0000-0000-000000000091'),
('00000009-0000-0000-0000-000000000002', NOW(), 'Ferrer', 'COCINERO', 'cocinero1@buensabor.com', 'Jose', '261000222', '00000007-0000-0000-0000-000000000092'),
('00000009-0000-0000-0000-000000000003', NOW(), 'Castro', 'DELIVERY', 'delivery1@buensabor.com', 'Luis', '261000333', '00000007-0000-0000-0000-000000000093'),
('00000009-0000-0000-0000-000000000004', NOW(), 'Zabaleta', 'COCINERO', 'cocinero2@buensabor.com', 'Maria', '261000444', '00000007-0000-0000-0000-000000000094'),
('00000009-0000-0000-0000-000000000005', NOW(), 'Guzman', 'CAJERO', 'cajero2@buensabor.com', 'Laura', '261000555', '00000007-0000-0000-0000-000000000095');

INSERT INTO `categoria_articulo` (`id`, `alta`, `denominacion`, `categoria_id`) VALUES 
('0000000a-0000-0000-0000-000000000001', NOW(), 'Insumos de Cocina', NULL),
('0000000a-0000-0000-0000-000000000002', NOW(), 'Bebidas Comerciales', NULL);

INSERT INTO `articulo_insumo` (`id`, `alta`, `baja`, `modificacion`, `denominacion`, `es_para_elaborar`, `precio_compra`, `precio_venta`, `unidad_medida`) VALUES 
('0000000b-0000-0000-0000-000000000001', NOW(), NULL, NOW(), 'Pan de Hamburguesa', 1, 150, 0, 'Unidad'),
('0000000b-0000-0000-0000-000000000002', NOW(), NULL, NOW(), 'Medallón de Carne 100g', 1, 300, 0, 'Unidad'),
('0000000b-0000-0000-0000-000000000003', NOW(), NULL, NOW(), 'Queso Cheddar', 1, 4500, 0, 'Kg'),
('0000000b-0000-0000-0000-000000000004', NOW(), NULL, NOW(), 'Queso Tybo', 1, 4000, 0, 'Kg'),
('0000000b-0000-0000-0000-000000000005', NOW(), NULL, NOW(), 'Jamón Cocido', 1, 3500, 0, 'Kg'),
('0000000b-0000-0000-0000-000000000006', NOW(), NULL, NOW(), 'Panceta Ahumada', 1, 6000, 0, 'Kg'),
('0000000b-0000-0000-0000-000000000007', NOW(), NULL, NOW(), 'Huevo', 1, 100, 0, 'Unidad'),
('0000000b-0000-0000-0000-000000000008', NOW(), NULL, NOW(), 'Lechuga Repollada', 1, 800, 0, 'Kg'),
('0000000b-0000-0000-0000-000000000009', NOW(), NULL, NOW(), 'Tomate Perita', 1, 1000, 0, 'Kg'),
('0000000b-0000-0000-0000-000000000010', NOW(), NULL, NOW(), 'Cebolla Blanca', 1, 700, 0, 'Kg'),
('0000000b-0000-0000-0000-000000000011', NOW(), NULL, NOW(), 'Cebolla Morada', 1, 900, 0, 'Kg'),
('0000000b-0000-0000-0000-000000000012', NOW(), NULL, NOW(), 'Harina 0000', 1, 600, 0, 'Kg'),
('0000000b-0000-0000-0000-000000000013', NOW(), NULL, NOW(), 'Levadura Fresca', 1, 200, 0, 'Unidad'),
('0000000b-0000-0000-0000-000000000014', NOW(), NULL, NOW(), 'Salsa de Tomate', 1, 1200, 0, 'Litro'),
('0000000b-0000-0000-0000-000000000015', NOW(), NULL, NOW(), 'Queso Muzzarella', 1, 5500, 0, 'Kg'),
('0000000b-0000-0000-0000-000000000016', NOW(), NULL, NOW(), 'Aceitunas Verdes', 1, 2500, 0, 'Kg'),
('0000000b-0000-0000-0000-000000000017', NOW(), NULL, NOW(), 'Aceitunas Negras', 1, 2800, 0, 'Kg'),
('0000000b-0000-0000-0000-000000000018', NOW(), NULL, NOW(), 'Orégano', 1, 4000, 0, 'Kg'),
('0000000b-0000-0000-0000-000000000019', NOW(), NULL, NOW(), 'Ajo', 1, 3000, 0, 'Kg'),
('0000000b-0000-0000-0000-000000000020', NOW(), NULL, NOW(), 'Morrón Rojo', 1, 2000, 0, 'Kg'),
('0000000b-0000-0000-0000-000000000021', NOW(), NULL, NOW(), 'Morrón Verde', 1, 1800, 0, 'Kg'),
('0000000b-0000-0000-0000-000000000022', NOW(), NULL, NOW(), 'Aceite de Girasol', 1, 1500, 0, 'Litro'),
('0000000b-0000-0000-0000-000000000023', NOW(), NULL, NOW(), 'Aceite de Oliva', 1, 4500, 0, 'Litro'),
('0000000b-0000-0000-0000-000000000024', NOW(), NULL, NOW(), 'Sal Fina', 1, 500, 0, 'Kg'),
('0000000b-0000-0000-0000-000000000025', NOW(), NULL, NOW(), 'Pimienta Negra', 1, 5000, 0, 'Kg'),
('0000000b-0000-0000-0000-000000000026', NOW(), NULL, NOW(), 'Pan de Lomo', 1, 250, 0, 'Unidad'),
('0000000b-0000-0000-0000-000000000027', NOW(), NULL, NOW(), 'Carne de Ternera (Lomo)', 1, 8500, 0, 'Kg'),
('0000000b-0000-0000-0000-000000000028', NOW(), NULL, NOW(), 'Pechuga de Pollo', 1, 3500, 0, 'Kg'),
('0000000b-0000-0000-0000-000000000029', NOW(), NULL, NOW(), 'Papa', 1, 800, 0, 'Kg'),
('0000000b-0000-0000-0000-000000000030', NOW(), NULL, NOW(), 'Batata', 1, 900, 0, 'Kg'),
('0000000b-0000-0000-0000-000000000031', NOW(), NULL, NOW(), 'Queso Roquefort', 1, 7500, 0, 'Kg'),
('0000000b-0000-0000-0000-000000000032', NOW(), NULL, NOW(), 'Queso Provolone', 1, 8000, 0, 'Kg'),
('0000000b-0000-0000-0000-000000000033', NOW(), NULL, NOW(), 'Salame', 1, 6500, 0, 'Kg'),
('0000000b-0000-0000-0000-000000000034', NOW(), NULL, NOW(), 'Ananá en Almíbar', 1, 2500, 0, 'Lata'),
('0000000b-0000-0000-0000-000000000035', NOW(), NULL, NOW(), 'Palmitos', 1, 3500, 0, 'Lata'),
('0000000b-0000-0000-0000-000000000036', NOW(), NULL, NOW(), 'Salsa Golf', 1, 1800, 0, 'Kg'),
('0000000b-0000-0000-0000-000000000037', NOW(), NULL, NOW(), 'Mayonesa', 1, 1500, 0, 'Kg'),
('0000000b-0000-0000-0000-000000000038', NOW(), NULL, NOW(), 'Ketchup', 1, 1600, 0, 'Kg'),
('0000000b-0000-0000-0000-000000000039', NOW(), NULL, NOW(), 'Mostaza', 1, 1700, 0, 'Kg'),
('0000000b-0000-0000-0000-000000000040', NOW(), NULL, NOW(), 'Ají Molido', 1, 3500, 0, 'Kg'),
('0000000b-0000-0000-0000-000000000041', NOW(), NULL, NOW(), 'Coca Cola 500ml', 0, 600, 1200, 'Unidad'),
('0000000b-0000-0000-0000-000000000042', NOW(), NULL, NOW(), 'Coca Cola Zero 500ml', 0, 600, 1200, 'Unidad'),
('0000000b-0000-0000-0000-000000000043', NOW(), NULL, NOW(), 'Sprite 500ml', 0, 600, 1200, 'Unidad'),
('0000000b-0000-0000-0000-000000000044', NOW(), NULL, NOW(), 'Sprite Zero 500ml', 0, 600, 1200, 'Unidad'),
('0000000b-0000-0000-0000-000000000045', NOW(), NULL, NOW(), 'Fanta 500ml', 0, 600, 1200, 'Unidad'),
('0000000b-0000-0000-0000-000000000046', NOW(), NULL, NOW(), 'Agua Mineral sin gas 500ml', 0, 400, 800, 'Unidad'),
('0000000b-0000-0000-0000-000000000047', NOW(), NULL, NOW(), 'Agua Mineral con gas 500ml', 0, 400, 800, 'Unidad'),
('0000000b-0000-0000-0000-000000000048', NOW(), NULL, NOW(), 'Cerveza Andes Rubia 1L', 0, 1200, 2500, 'Unidad'),
('0000000b-0000-0000-0000-000000000049', NOW(), NULL, NOW(), 'Cerveza Andes Roja 1L', 0, 1200, 2500, 'Unidad'),
('0000000b-0000-0000-0000-000000000050', NOW(), NULL, NOW(), 'Cerveza Stella Artois 1L', 0, 1800, 3500, 'Unidad'),
('0000000b-0000-0000-0000-000000000051', NOW(), NULL, NOW(), 'Patagonia Amber Lager 730ml', 0, 2000, 4000, 'Unidad'),
('0000000b-0000-0000-0000-000000000052', NOW(), NULL, NOW(), 'Vino Malbec 750ml', 0, 2500, 5000, 'Unidad'),
('0000000b-0000-0000-0000-000000000053', NOW(), NULL, NOW(), 'Lata Coca Cola 354ml', 0, 500, 1000, 'Unidad'),
('0000000b-0000-0000-0000-000000000054', NOW(), NULL, NOW(), 'Lata Sprite 354ml', 0, 500, 1000, 'Unidad'),
('0000000b-0000-0000-0000-000000000055', NOW(), NULL, NOW(), 'Jugo de Naranja 500ml', 0, 700, 1400, 'Unidad');

INSERT INTO `articulo_insumo_categoria_articulo` (`articulo_insumo_id`, `categoria_articulo_id`) VALUES 
('0000000b-0000-0000-0000-000000000001', '0000000a-0000-0000-0000-000000000001'), ('0000000b-0000-0000-0000-000000000002', '0000000a-0000-0000-0000-000000000001'), 
('0000000b-0000-0000-0000-000000000003', '0000000a-0000-0000-0000-000000000001'), ('0000000b-0000-0000-0000-000000000004', '0000000a-0000-0000-0000-000000000001'),
('0000000b-0000-0000-0000-000000000005', '0000000a-0000-0000-0000-000000000001'), ('0000000b-0000-0000-0000-000000000006', '0000000a-0000-0000-0000-000000000001'), 
('0000000b-0000-0000-0000-000000000007', '0000000a-0000-0000-0000-000000000001'), ('0000000b-0000-0000-0000-000000000008', '0000000a-0000-0000-0000-000000000001'),
('0000000b-0000-0000-0000-000000000009', '0000000a-0000-0000-0000-000000000001'), ('0000000b-0000-0000-0000-000000000010', '0000000a-0000-0000-0000-000000000001'), 
('0000000b-0000-0000-0000-000000000011', '0000000a-0000-0000-0000-000000000001'), ('0000000b-0000-0000-0000-000000000012', '0000000a-0000-0000-0000-000000000001'),
('0000000b-0000-0000-0000-000000000013', '0000000a-0000-0000-0000-000000000001'), ('0000000b-0000-0000-0000-000000000014', '0000000a-0000-0000-0000-000000000001'), 
('0000000b-0000-0000-0000-000000000015', '0000000a-0000-0000-0000-000000000001'), ('0000000b-0000-0000-0000-000000000016', '0000000a-0000-0000-0000-000000000001'),
('0000000b-0000-0000-0000-000000000017', '0000000a-0000-0000-0000-000000000001'), ('0000000b-0000-0000-0000-000000000018', '0000000a-0000-0000-0000-000000000001'), 
('0000000b-0000-0000-0000-000000000019', '0000000a-0000-0000-0000-000000000001'), ('0000000b-0000-0000-0000-000000000020', '0000000a-0000-0000-0000-000000000001'),
('0000000b-0000-0000-0000-000000000021', '0000000a-0000-0000-0000-000000000001'), ('0000000b-0000-0000-0000-000000000022', '0000000a-0000-0000-0000-000000000001'), 
('0000000b-0000-0000-0000-000000000023', '0000000a-0000-0000-0000-000000000001'), ('0000000b-0000-0000-0000-000000000024', '0000000a-0000-0000-0000-000000000001'),
('0000000b-0000-0000-0000-000000000025', '0000000a-0000-0000-0000-000000000001'), ('0000000b-0000-0000-0000-000000000026', '0000000a-0000-0000-0000-000000000001'), 
('0000000b-0000-0000-0000-000000000027', '0000000a-0000-0000-0000-000000000001'), ('0000000b-0000-0000-0000-000000000028', '0000000a-0000-0000-0000-000000000001'),
('0000000b-0000-0000-0000-000000000029', '0000000a-0000-0000-0000-000000000001'), ('0000000b-0000-0000-0000-000000000030', '0000000a-0000-0000-0000-000000000001'), 
('0000000b-0000-0000-0000-000000000031', '0000000a-0000-0000-0000-000000000001'), ('0000000b-0000-0000-0000-000000000032', '0000000a-0000-0000-0000-000000000001'),
('0000000b-0000-0000-0000-000000000033', '0000000a-0000-0000-0000-000000000001'), ('0000000b-0000-0000-0000-000000000034', '0000000a-0000-0000-0000-000000000001'), 
('0000000b-0000-0000-0000-000000000035', '0000000a-0000-0000-0000-000000000001'), ('0000000b-0000-0000-0000-000000000036', '0000000a-0000-0000-0000-000000000001'),
('0000000b-0000-0000-0000-000000000037', '0000000a-0000-0000-0000-000000000001'), ('0000000b-0000-0000-0000-000000000038', '0000000a-0000-0000-0000-000000000001'), 
('0000000b-0000-0000-0000-000000000039', '0000000a-0000-0000-0000-000000000001'), ('0000000b-0000-0000-0000-000000000040', '0000000a-0000-0000-0000-000000000001'),
('0000000b-0000-0000-0000-000000000041', '0000000a-0000-0000-0000-000000000002'), ('0000000b-0000-0000-0000-000000000042', '0000000a-0000-0000-0000-000000000002'), 
('0000000b-0000-0000-0000-000000000043', '0000000a-0000-0000-0000-000000000002'), ('0000000b-0000-0000-0000-000000000044', '0000000a-0000-0000-0000-000000000002'),
('0000000b-0000-0000-0000-000000000045', '0000000a-0000-0000-0000-000000000002'), ('0000000b-0000-0000-0000-000000000046', '0000000a-0000-0000-0000-000000000002'), 
('0000000b-0000-0000-0000-000000000047', '0000000a-0000-0000-0000-000000000002'), ('0000000b-0000-0000-0000-000000000048', '0000000a-0000-0000-0000-000000000002'),
('0000000b-0000-0000-0000-000000000049', '0000000a-0000-0000-0000-000000000002'), ('0000000b-0000-0000-0000-000000000050', '0000000a-0000-0000-0000-000000000002'), 
('0000000b-0000-0000-0000-000000000051', '0000000a-0000-0000-0000-000000000002'), ('0000000b-0000-0000-0000-000000000052', '0000000a-0000-0000-0000-000000000002'),
('0000000b-0000-0000-0000-000000000053', '0000000a-0000-0000-0000-000000000002'), ('0000000b-0000-0000-0000-000000000054', '0000000a-0000-0000-0000-000000000002'), 
('0000000b-0000-0000-0000-000000000055', '0000000a-0000-0000-0000-000000000002');

INSERT INTO `categoria_articulo_manufacturado` (`id`, `alta`, `denominacion`) VALUES 
('0000000c-0000-0000-0000-000000000001', NOW(), 'Hamburguesas'),
('0000000c-0000-0000-0000-000000000002', NOW(), 'Pizzas'),
('0000000c-0000-0000-0000-000000000003', NOW(), 'Lomos'),
('0000000c-0000-0000-0000-000000000004', NOW(), 'Guarniciones');

INSERT INTO `articulo_manufacturado` (`id`, `alta`, `denominacion`, `descripcion`, `precio_costo`, `precio_venta`, `tiempo_estimado`, `categoria_articulo_manufacturado_id`) VALUES 
('0000000d-0000-0000-0000-000000000001', NOW(), 'Hamburguesa Simple', 'Medallón de carne con queso tybo', 1000, 3500, 15, '0000000c-0000-0000-0000-000000000001'),
('0000000d-0000-0000-0000-000000000002', NOW(), 'Hamburguesa Clásica', 'Carne, queso, lechuga y tomate', 1200, 4000, 15, '0000000c-0000-0000-0000-000000000001'),
('0000000d-0000-0000-0000-000000000003', NOW(), 'Hamburguesa Completa', 'Carne, queso, jamón, huevo, lechuga y tomate', 1500, 4800, 20, '0000000c-0000-0000-0000-000000000001'),
('0000000d-0000-0000-0000-000000000004', NOW(), 'Hamburguesa Bacon', 'Doble carne, cheddar y mucha panceta', 2000, 5500, 20, '0000000c-0000-0000-0000-000000000001'),
('0000000d-0000-0000-0000-000000000005', NOW(), 'Hamburguesa Doble Cheddar', 'Doble medallón y cuádruple cheddar', 1800, 5200, 20, '0000000c-0000-0000-0000-000000000001'),
('0000000d-0000-0000-0000-000000000006', NOW(), 'Pizza Muzzarella', 'Clásica con abundante queso y aceitunas', 2500, 6000, 25, '0000000c-0000-0000-0000-000000000002'),
('0000000d-0000-0000-0000-000000000007', NOW(), 'Pizza Especial', 'Muzzarella, jamón cocido y morrón', 3000, 7000, 25, '0000000c-0000-0000-0000-000000000002'),
('0000000d-0000-0000-0000-000000000008', NOW(), 'Pizza Napolitana', 'Muzzarella, rodajas de tomate y ajo', 2800, 6800, 25, '0000000c-0000-0000-0000-000000000002'),
('0000000d-0000-0000-0000-000000000009', NOW(), 'Pizza Fugazzeta', 'Muzzarella y cebolla blanca', 2700, 6500, 25, '0000000c-0000-0000-0000-000000000002'),
('0000000d-0000-0000-0000-000000000010', NOW(), 'Pizza Calabresa', 'Muzzarella y salame', 3200, 7500, 25, '0000000c-0000-0000-0000-000000000002'),
('0000000d-0000-0000-0000-000000000011', NOW(), 'Lomo Simple', 'Ternera, queso tybo y mayonesa', 3500, 7500, 20, '0000000c-0000-0000-0000-000000000003'),
('0000000d-0000-0000-0000-000000000012', NOW(), 'Lomo Completo', 'Ternera, queso, jamón, huevo, lechuga y tomate', 4200, 8500, 25, '0000000c-0000-0000-0000-000000000003'),
('0000000d-0000-0000-0000-000000000013', NOW(), 'Lomo de Pollo', 'Pechuga, queso, lechuga y tomate', 3000, 7000, 20, '0000000c-0000-0000-0000-000000000003'),
('0000000d-0000-0000-0000-000000000014', NOW(), 'Porción Papas Fritas', 'Papas bastón clásicas', 800, 2500, 15, '0000000c-0000-0000-0000-000000000004'),
('0000000d-0000-0000-0000-000000000015', NOW(), 'Papas Cheddar y Bacon', 'Papas fritas con cheddar fundido y panceta', 1500, 4000, 15, '0000000c-0000-0000-0000-000000000004');

INSERT INTO `articulo_manufacturado_detalle` (`id`, `alta`, `cantidad`, `articulo_insumo_id`) VALUES 
('0000000e-0000-0000-0000-000000000001', NOW(), 1, '0000000b-0000-0000-0000-000000000001'), ('0000000e-0000-0000-0000-000000000002', NOW(), 1, '0000000b-0000-0000-0000-000000000002'), ('0000000e-0000-0000-0000-000000000003', NOW(), 0.05, '0000000b-0000-0000-0000-000000000004'),
('0000000e-0000-0000-0000-000000000004', NOW(), 1, '0000000b-0000-0000-0000-000000000001'), ('0000000e-0000-0000-0000-000000000005', NOW(), 1, '0000000b-0000-0000-0000-000000000002'), ('0000000e-0000-0000-0000-000000000006', NOW(), 0.05, '0000000b-0000-0000-0000-000000000004'), ('0000000e-0000-0000-0000-000000000007', NOW(), 0.05, '0000000b-0000-0000-0000-000000000008'), ('0000000e-0000-0000-0000-000000000008', NOW(), 0.05, '0000000b-0000-0000-0000-000000000009'),
('0000000e-0000-0000-0000-000000000009', NOW(), 1, '0000000b-0000-0000-0000-000000000001'), ('0000000e-0000-0000-0000-000000000010', NOW(), 1, '0000000b-0000-0000-0000-000000000002'), ('0000000e-0000-0000-0000-000000000011', NOW(), 0.05, '0000000b-0000-0000-0000-000000000004'), ('0000000e-0000-0000-0000-000000000012', NOW(), 0.05, '0000000b-0000-0000-0000-000000000005'), ('0000000e-0000-0000-0000-000000000013', NOW(), 1, '0000000b-0000-0000-0000-000000000007'), ('0000000e-0000-0000-0000-000000000014', NOW(), 0.05, '0000000b-0000-0000-0000-000000000008'), ('0000000e-0000-0000-0000-000000000015', NOW(), 0.05, '0000000b-0000-0000-0000-000000000009'),
('0000000e-0000-0000-0000-000000000016', NOW(), 1, '0000000b-0000-0000-0000-000000000001'), ('0000000e-0000-0000-0000-000000000017', NOW(), 2, '0000000b-0000-0000-0000-000000000002'), ('0000000e-0000-0000-0000-000000000018', NOW(), 0.1, '0000000b-0000-0000-0000-000000000003'), ('0000000e-0000-0000-0000-000000000019', NOW(), 0.1, '0000000b-0000-0000-0000-000000000006'),
('0000000e-0000-0000-0000-000000000020', NOW(), 1, '0000000b-0000-0000-0000-000000000001'), ('0000000e-0000-0000-0000-000000000021', NOW(), 2, '0000000b-0000-0000-0000-000000000002'), ('0000000e-0000-0000-0000-000000000022', NOW(), 0.15, '0000000b-0000-0000-0000-000000000003'),
('0000000e-0000-0000-0000-000000000023', NOW(), 0.3, '0000000b-0000-0000-0000-000000000012'), ('0000000e-0000-0000-0000-000000000024', NOW(), 0.1, '0000000b-0000-0000-0000-000000000014'), ('0000000e-0000-0000-0000-000000000025', NOW(), 0.3, '0000000b-0000-0000-0000-000000000015'), ('0000000e-0000-0000-0000-000000000026', NOW(), 0.05, '0000000b-0000-0000-0000-000000000016'),
('0000000e-0000-0000-0000-000000000027', NOW(), 0.3, '0000000b-0000-0000-0000-000000000012'), ('0000000e-0000-0000-0000-000000000028', NOW(), 0.1, '0000000b-0000-0000-0000-000000000014'), ('0000000e-0000-0000-0000-000000000029', NOW(), 0.3, '0000000b-0000-0000-0000-000000000015'), ('0000000e-0000-0000-0000-000000000030', NOW(), 0.1, '0000000b-0000-0000-0000-000000000005'), ('0000000e-0000-0000-0000-000000000031', NOW(), 0.1, '0000000b-0000-0000-0000-000000000020'),
('0000000e-0000-0000-0000-000000000032', NOW(), 0.3, '0000000b-0000-0000-0000-000000000012'), ('0000000e-0000-0000-0000-000000000033', NOW(), 0.1, '0000000b-0000-0000-0000-000000000014'), ('0000000e-0000-0000-0000-000000000034', NOW(), 0.3, '0000000b-0000-0000-0000-000000000015'), ('0000000e-0000-0000-0000-000000000035', NOW(), 0.1, '0000000b-0000-0000-0000-000000000009'), ('0000000e-0000-0000-0000-000000000036', NOW(), 0.01, '0000000b-0000-0000-0000-000000000019'),
('0000000e-0000-0000-0000-000000000037', NOW(), 0.3, '0000000b-0000-0000-0000-000000000012'), ('0000000e-0000-0000-0000-000000000038', NOW(), 0.3, '0000000b-0000-0000-0000-000000000015'), ('0000000e-0000-0000-0000-000000000039', NOW(), 0.2, '0000000b-0000-0000-0000-000000000010'),
('0000000e-0000-0000-0000-000000000040', NOW(), 0.3, '0000000b-0000-0000-0000-000000000012'), ('0000000e-0000-0000-0000-000000000041', NOW(), 0.1, '0000000b-0000-0000-0000-000000000014'), ('0000000e-0000-0000-0000-000000000042', NOW(), 0.3, '0000000b-0000-0000-0000-000000000015'), ('0000000e-0000-0000-0000-000000000043', NOW(), 0.1, '0000000b-0000-0000-0000-000000000033'),
('0000000e-0000-0000-0000-000000000044', NOW(), 1, '0000000b-0000-0000-0000-000000000026'), ('0000000e-0000-0000-0000-000000000045', NOW(), 0.2, '0000000b-0000-0000-0000-000000000027'), ('0000000e-0000-0000-0000-000000000046', NOW(), 0.05, '0000000b-0000-0000-0000-000000000004'),
('0000000e-0000-0000-0000-000000000047', NOW(), 1, '0000000b-0000-0000-0000-000000000026'), ('0000000e-0000-0000-0000-000000000048', NOW(), 0.2, '0000000b-0000-0000-0000-000000000027'), ('0000000e-0000-0000-0000-000000000049', NOW(), 0.05, '0000000b-0000-0000-0000-000000000004'), ('0000000e-0000-0000-0000-000000000050', NOW(), 0.05, '0000000b-0000-0000-0000-000000000005'), ('0000000e-0000-0000-0000-000000000051', NOW(), 1, '0000000b-0000-0000-0000-000000000007'), ('0000000e-0000-0000-0000-000000000052', NOW(), 0.05, '0000000b-0000-0000-0000-000000000008'), ('0000000e-0000-0000-0000-000000000053', NOW(), 0.05, '0000000b-0000-0000-0000-000000000009'),
('0000000e-0000-0000-0000-000000000054', NOW(), 1, '0000000b-0000-0000-0000-000000000026'), ('0000000e-0000-0000-0000-000000000055', NOW(), 0.2, '0000000b-0000-0000-0000-000000000028'), ('0000000e-0000-0000-0000-000000000056', NOW(), 0.05, '0000000b-0000-0000-0000-000000000004'), ('0000000e-0000-0000-0000-000000000057', NOW(), 0.05, '0000000b-0000-0000-0000-000000000008'), ('0000000e-0000-0000-0000-000000000058', NOW(), 0.05, '0000000b-0000-0000-0000-000000000009'),
('0000000e-0000-0000-0000-000000000059', NOW(), 0.4, '0000000b-0000-0000-0000-000000000029'), ('0000000e-0000-0000-0000-000000000060', NOW(), 0.05, '0000000b-0000-0000-0000-000000000022'), ('0000000e-0000-0000-0000-000000000061', NOW(), 0.01, '0000000b-0000-0000-0000-000000000024'),
('0000000e-0000-0000-0000-000000000062', NOW(), 0.4, '0000000b-0000-0000-0000-000000000029'), ('0000000e-0000-0000-0000-000000000063', NOW(), 0.1, '0000000b-0000-0000-0000-000000000003'), ('0000000e-0000-0000-0000-000000000064', NOW(), 0.05, '0000000b-0000-0000-0000-000000000006');

INSERT INTO `articulo_manufacturado_articulo_manufacturado_detalle` (`articulo_manufacturado_id`, `articulo_manufacturado_detalle_id`) VALUES 
('0000000d-0000-0000-0000-000000000001', '0000000e-0000-0000-0000-000000000001'), ('0000000d-0000-0000-0000-000000000001', '0000000e-0000-0000-0000-000000000002'), ('0000000d-0000-0000-0000-000000000001', '0000000e-0000-0000-0000-000000000003'),
('0000000d-0000-0000-0000-000000000002', '0000000e-0000-0000-0000-000000000004'), ('0000000d-0000-0000-0000-000000000002', '0000000e-0000-0000-0000-000000000005'), ('0000000d-0000-0000-0000-000000000002', '0000000e-0000-0000-0000-000000000006'), ('0000000d-0000-0000-0000-000000000002', '0000000e-0000-0000-0000-000000000007'), ('0000000d-0000-0000-0000-000000000002', '0000000e-0000-0000-0000-000000000008'),
('0000000d-0000-0000-0000-000000000003', '0000000e-0000-0000-0000-000000000009'), ('0000000d-0000-0000-0000-000000000003', '0000000e-0000-0000-0000-000000000010'), ('0000000d-0000-0000-0000-000000000003', '0000000e-0000-0000-0000-000000000011'), ('0000000d-0000-0000-0000-000000000003', '0000000e-0000-0000-0000-000000000012'), ('0000000d-0000-0000-0000-000000000003', '0000000e-0000-0000-0000-000000000013'), ('0000000d-0000-0000-0000-000000000003', '0000000e-0000-0000-0000-000000000014'), ('0000000d-0000-0000-0000-000000000003', '0000000e-0000-0000-0000-000000000015'),
('0000000d-0000-0000-0000-000000000004', '0000000e-0000-0000-0000-000000000016'), ('0000000d-0000-0000-0000-000000000004', '0000000e-0000-0000-0000-000000000017'), ('0000000d-0000-0000-0000-000000000004', '0000000e-0000-0000-0000-000000000018'), ('0000000d-0000-0000-0000-000000000004', '0000000e-0000-0000-0000-000000000019'),
('0000000d-0000-0000-0000-000000000005', '0000000e-0000-0000-0000-000000000020'), ('0000000d-0000-0000-0000-000000000005', '0000000e-0000-0000-0000-000000000021'), ('0000000d-0000-0000-0000-000000000005', '0000000e-0000-0000-0000-000000000022'),
('0000000d-0000-0000-0000-000000000006', '0000000e-0000-0000-0000-000000000023'), ('0000000d-0000-0000-0000-000000000006', '0000000e-0000-0000-0000-000000000024'), ('0000000d-0000-0000-0000-000000000006', '0000000e-0000-0000-0000-000000000025'), ('0000000d-0000-0000-0000-000000000006', '0000000e-0000-0000-0000-000000000026'),
('0000000d-0000-0000-0000-000000000007', '0000000e-0000-0000-0000-000000000027'), ('0000000d-0000-0000-0000-000000000007', '0000000e-0000-0000-0000-000000000028'), ('0000000d-0000-0000-0000-000000000007', '0000000e-0000-0000-0000-000000000029'), ('0000000d-0000-0000-0000-000000000007', '0000000e-0000-0000-0000-000000000030'), ('0000000d-0000-0000-0000-000000000007', '0000000e-0000-0000-0000-000000000031'),
('0000000d-0000-0000-0000-000000000008', '0000000e-0000-0000-0000-000000000032'), ('0000000d-0000-0000-0000-000000000008', '0000000e-0000-0000-0000-000000000033'), ('0000000d-0000-0000-0000-000000000008', '0000000e-0000-0000-0000-000000000034'), ('0000000d-0000-0000-0000-000000000008', '0000000e-0000-0000-0000-000000000035'), ('0000000d-0000-0000-0000-000000000008', '0000000e-0000-0000-0000-000000000036'),
('0000000d-0000-0000-0000-000000000009', '0000000e-0000-0000-0000-000000000037'), ('0000000d-0000-0000-0000-000000000009', '0000000e-0000-0000-0000-000000000038'), ('0000000d-0000-0000-0000-000000000009', '0000000e-0000-0000-0000-000000000039'),
('0000000d-0000-0000-0000-000000000010', '0000000e-0000-0000-0000-000000000040'), ('0000000d-0000-0000-0000-000000000010', '0000000e-0000-0000-0000-000000000041'), ('0000000d-0000-0000-0000-000000000010', '0000000e-0000-0000-0000-000000000042'), ('0000000d-0000-0000-0000-000000000010', '0000000e-0000-0000-0000-000000000043'),
('0000000d-0000-0000-0000-000000000011', '0000000e-0000-0000-0000-000000000044'), ('0000000d-0000-0000-0000-000000000011', '0000000e-0000-0000-0000-000000000045'), ('0000000d-0000-0000-0000-000000000011', '0000000e-0000-0000-0000-000000000046'),
('0000000d-0000-0000-0000-000000000012', '0000000e-0000-0000-0000-000000000047'), ('0000000d-0000-0000-0000-000000000012', '0000000e-0000-0000-0000-000000000048'), ('0000000d-0000-0000-0000-000000000012', '0000000e-0000-0000-0000-000000000049'), ('0000000d-0000-0000-0000-000000000012', '0000000e-0000-0000-0000-000000000050'), ('0000000d-0000-0000-0000-000000000012', '0000000e-0000-0000-0000-000000000051'), ('0000000d-0000-0000-0000-000000000012', '0000000e-0000-0000-0000-000000000052'), ('0000000d-0000-0000-0000-000000000012', '0000000e-0000-0000-0000-000000000053'),
('0000000d-0000-0000-0000-000000000013', '0000000e-0000-0000-0000-000000000054'), ('0000000d-0000-0000-0000-000000000013', '0000000e-0000-0000-0000-000000000055'), ('0000000d-0000-0000-0000-000000000013', '0000000e-0000-0000-0000-000000000056'), ('0000000d-0000-0000-0000-000000000013', '0000000e-0000-0000-0000-000000000057'), ('0000000d-0000-0000-0000-000000000013', '0000000e-0000-0000-0000-000000000058'),
('0000000d-0000-0000-0000-000000000014', '0000000e-0000-0000-0000-000000000059'), ('0000000d-0000-0000-0000-000000000014', '0000000e-0000-0000-0000-000000000060'), ('0000000d-0000-0000-0000-000000000014', '0000000e-0000-0000-0000-000000000061'),
('0000000d-0000-0000-0000-000000000015', '0000000e-0000-0000-0000-000000000062'), ('0000000d-0000-0000-0000-000000000015', '0000000e-0000-0000-0000-000000000063'), ('0000000d-0000-0000-0000-000000000015', '0000000e-0000-0000-0000-000000000064');

INSERT INTO `articulo_manufacturado_path_imagen` (`articulo_manufacturado_id`, `path_imagen`) VALUES
('0000000d-0000-0000-0000-000000000001', '0000000d-0000-0000-0000-000000000001.png'),
('0000000d-0000-0000-0000-000000000002', '0000000d-0000-0000-0000-000000000002.png'),
('0000000d-0000-0000-0000-000000000003', '0000000d-0000-0000-0000-000000000003.png'),
('0000000d-0000-0000-0000-000000000004', '0000000d-0000-0000-0000-000000000004.png'),
('0000000d-0000-0000-0000-000000000005', '0000000d-0000-0000-0000-000000000005.png'),
('0000000d-0000-0000-0000-000000000006', '0000000d-0000-0000-0000-000000000006.png'),
('0000000d-0000-0000-0000-000000000007', '0000000d-0000-0000-0000-000000000007.png'),
('0000000d-0000-0000-0000-000000000008', '0000000d-0000-0000-0000-000000000008.png'),
('0000000d-0000-0000-0000-000000000009', '0000000d-0000-0000-0000-000000000009.png'),
('0000000d-0000-0000-0000-000000000010', '0000000d-0000-0000-0000-000000000010.png'),
('0000000d-0000-0000-0000-000000000011', '0000000d-0000-0000-0000-000000000011.png'),
('0000000d-0000-0000-0000-000000000012', '0000000d-0000-0000-0000-000000000012.png'),
('0000000d-0000-0000-0000-000000000013', '0000000d-0000-0000-0000-000000000013.png'),
('0000000d-0000-0000-0000-000000000014', '0000000d-0000-0000-0000-000000000014.png'),
('0000000d-0000-0000-0000-000000000015', '0000000d-0000-0000-0000-000000000015.png');

INSERT INTO `articulo_insumo_path_imagen` (`articulo_insumo_id`, `path_imagen`) VALUES
('0000000b-0000-0000-0000-000000000001', '0000000b-0000-0000-0000-000000000001.png'),
('0000000b-0000-0000-0000-000000000002', '0000000b-0000-0000-0000-000000000002.png'),
('0000000b-0000-0000-0000-000000000003', '0000000b-0000-0000-0000-000000000003.png'),
('0000000b-0000-0000-0000-000000000004', '0000000b-0000-0000-0000-000000000004.png'),
('0000000b-0000-0000-0000-000000000005', '0000000b-0000-0000-0000-000000000005.png'),
('0000000b-0000-0000-0000-000000000006', '0000000b-0000-0000-0000-000000000006.png'),
('0000000b-0000-0000-0000-000000000007', '0000000b-0000-0000-0000-000000000007.png'),
('0000000b-0000-0000-0000-000000000008', '0000000b-0000-0000-0000-000000000008.png'),
('0000000b-0000-0000-0000-000000000009', '0000000b-0000-0000-0000-000000000009.png'),
('0000000b-0000-0000-0000-000000000010', '0000000b-0000-0000-0000-000000000010.png'),
('0000000b-0000-0000-0000-000000000011', '0000000b-0000-0000-0000-000000000011.png'),
('0000000b-0000-0000-0000-000000000012', '0000000b-0000-0000-0000-000000000012.png'),
('0000000b-0000-0000-0000-000000000013', '0000000b-0000-0000-0000-000000000013.png'),
('0000000b-0000-0000-0000-000000000014', '0000000b-0000-0000-0000-000000000014.png'),
('0000000b-0000-0000-0000-000000000015', '0000000b-0000-0000-0000-000000000015.png'),
('0000000b-0000-0000-0000-000000000016', '0000000b-0000-0000-0000-000000000016.png'),
('0000000b-0000-0000-0000-000000000017', '0000000b-0000-0000-0000-000000000017.png'),
('0000000b-0000-0000-0000-000000000018', '0000000b-0000-0000-0000-000000000018.png'),
('0000000b-0000-0000-0000-000000000019', '0000000b-0000-0000-0000-000000000019.png'),
('0000000b-0000-0000-0000-000000000020', '0000000b-0000-0000-0000-000000000020.png'),
('0000000b-0000-0000-0000-000000000021', '0000000b-0000-0000-0000-000000000021.png'),
('0000000b-0000-0000-0000-000000000022', '0000000b-0000-0000-0000-000000000022.png'),
('0000000b-0000-0000-0000-000000000023', '0000000b-0000-0000-0000-000000000023.png'),
('0000000b-0000-0000-0000-000000000024', '0000000b-0000-0000-0000-000000000024.png'),
('0000000b-0000-0000-0000-000000000025', '0000000b-0000-0000-0000-000000000025.png'),
('0000000b-0000-0000-0000-000000000026', '0000000b-0000-0000-0000-000000000026.png'),
('0000000b-0000-0000-0000-000000000027', '0000000b-0000-0000-0000-000000000027.png'),
('0000000b-0000-0000-0000-000000000028', '0000000b-0000-0000-0000-000000000028.png'),
('0000000b-0000-0000-0000-000000000029', '0000000b-0000-0000-0000-000000000029.png'),
('0000000b-0000-0000-0000-000000000030', '0000000b-0000-0000-0000-000000000030.png'),
('0000000b-0000-0000-0000-000000000031', '0000000b-0000-0000-0000-000000000031.png'),
('0000000b-0000-0000-0000-000000000032', '0000000b-0000-0000-0000-000000000032.png'),
('0000000b-0000-0000-0000-000000000033', '0000000b-0000-0000-0000-000000000033.png'),
('0000000b-0000-0000-0000-000000000034', '0000000b-0000-0000-0000-000000000034.png'),
('0000000b-0000-0000-0000-000000000035', '0000000b-0000-0000-0000-000000000035.png'),
('0000000b-0000-0000-0000-000000000036', '0000000b-0000-0000-0000-000000000036.png'),
('0000000b-0000-0000-0000-000000000037', '0000000b-0000-0000-0000-000000000037.png'),
('0000000b-0000-0000-0000-000000000038', '0000000b-0000-0000-0000-000000000038.png'),
('0000000b-0000-0000-0000-000000000039', '0000000b-0000-0000-0000-000000000039.png'),
('0000000b-0000-0000-0000-000000000040', '0000000b-0000-0000-0000-000000000040.png'),
('0000000b-0000-0000-0000-000000000041', '0000000b-0000-0000-0000-000000000041.png'),
('0000000b-0000-0000-0000-000000000042', '0000000b-0000-0000-0000-000000000042.png'),
('0000000b-0000-0000-0000-000000000043', '0000000b-0000-0000-0000-000000000043.png'),
('0000000b-0000-0000-0000-000000000044', '0000000b-0000-0000-0000-000000000044.png'),
('0000000b-0000-0000-0000-000000000045', '0000000b-0000-0000-0000-000000000045.png'),
('0000000b-0000-0000-0000-000000000046', '0000000b-0000-0000-0000-000000000046.png'),
('0000000b-0000-0000-0000-000000000047', '0000000b-0000-0000-0000-000000000047.png'),
('0000000b-0000-0000-0000-000000000048', '0000000b-0000-0000-0000-000000000048.png'),
('0000000b-0000-0000-0000-000000000049', '0000000b-0000-0000-0000-000000000049.png'),
('0000000b-0000-0000-0000-000000000050', '0000000b-0000-0000-0000-000000000050.png'),
('0000000b-0000-0000-0000-000000000051', '0000000b-0000-0000-0000-000000000051.png'),
('0000000b-0000-0000-0000-000000000052', '0000000b-0000-0000-0000-000000000052.png'),
('0000000b-0000-0000-0000-000000000053', '0000000b-0000-0000-0000-000000000053.png'),
('0000000b-0000-0000-0000-000000000054', '0000000b-0000-0000-0000-000000000054.png'),
('0000000b-0000-0000-0000-000000000055', '0000000b-0000-0000-0000-000000000055.png');

INSERT INTO `sucursal_insumo` (`id`, `alta`, `baja`, `modificacion`, `stock_actual`, `stock_maximo`, `stock_minimo`, `articulo_insumo_id`, `sucursal_empresa_id`) VALUES
('00000016-0000-0000-0000-000000000001', NOW(), NULL, NOW(), 500, 1000, 50, '0000000b-0000-0000-0000-000000000001', '00000006-0000-0000-0000-000000000001'),
('00000016-0000-0000-0000-000000000002', NOW(), NULL, NOW(), 300, 600, 30, '0000000b-0000-0000-0000-000000000002', '00000006-0000-0000-0000-000000000001'),
('00000016-0000-0000-0000-000000000003', NOW(), NULL, NOW(), 50, 100, 10, '0000000b-0000-0000-0000-000000000003', '00000006-0000-0000-0000-000000000001'),
('00000016-0000-0000-0000-000000000004', NOW(), NULL, NOW(), 60, 120, 12, '0000000b-0000-0000-0000-000000000004', '00000006-0000-0000-0000-000000000001'),
('00000016-0000-0000-0000-000000000005', NOW(), NULL, NOW(), 40, 80, 8, '0000000b-0000-0000-0000-000000000005', '00000006-0000-0000-0000-000000000001'),
('00000016-0000-0000-0000-000000000006', NOW(), NULL, NOW(), 30, 60, 6, '0000000b-0000-0000-0000-000000000006', '00000006-0000-0000-0000-000000000001'),
('00000016-0000-0000-0000-000000000007', NOW(), NULL, NOW(), 1000, 2000, 100, '0000000b-0000-0000-0000-000000000007', '00000006-0000-0000-0000-000000000001'),
('00000016-0000-0000-0000-000000000008', NOW(), NULL, NOW(), 80, 150, 15, '0000000b-0000-0000-0000-000000000008', '00000006-0000-0000-0000-000000000001'),
('00000016-0000-0000-0000-000000000009', NOW(), NULL, NOW(), 100, 200, 20, '0000000b-0000-0000-0000-000000000009', '00000006-0000-0000-0000-000000000001'),
('00000016-0000-0000-0000-000000000010', NOW(), NULL, NOW(), 90, 180, 18, '0000000b-0000-0000-0000-000000000010', '00000006-0000-0000-0000-000000000001'),
('00000016-0000-0000-0000-000000000011', NOW(), NULL, NOW(), 70, 140, 14, '0000000b-0000-0000-0000-000000000011', '00000006-0000-0000-0000-000000000001'),
('00000016-0000-0000-0000-000000000012', NOW(), NULL, NOW(), 200, 400, 40, '0000000b-0000-0000-0000-000000000012', '00000006-0000-0000-0000-000000000001'),
('00000016-0000-0000-0000-000000000013', NOW(), NULL, NOW(), 150, 300, 30, '0000000b-0000-0000-0000-000000000013', '00000006-0000-0000-0000-000000000001'),
('00000016-0000-0000-0000-000000000014', NOW(), NULL, NOW(), 80, 150, 15, '0000000b-0000-0000-0000-000000000014', '00000006-0000-0000-0000-000000000001'),
('00000016-0000-0000-0000-000000000015', NOW(), NULL, NOW(), 50, 100, 10, '0000000b-0000-0000-0000-000000000015', '00000006-0000-0000-0000-000000000001'),
('00000016-0000-0000-0000-000000000016', NOW(), NULL, NOW(), 25, 50, 5, '0000000b-0000-0000-0000-000000000016', '00000006-0000-0000-0000-000000000001'),
('00000016-0000-0000-0000-000000000017', NOW(), NULL, NOW(), 20, 40, 4, '0000000b-0000-0000-0000-000000000017', '00000006-0000-0000-0000-000000000001'),
('00000016-0000-0000-0000-000000000018', NOW(), NULL, NOW(), 15, 30, 3, '0000000b-0000-0000-0000-000000000018', '00000006-0000-0000-0000-000000000001'),
('00000016-0000-0000-0000-000000000019', NOW(), NULL, NOW(), 40, 80, 8, '0000000b-0000-0000-0000-000000000019', '00000006-0000-0000-0000-000000000001'),
('00000016-0000-0000-0000-000000000020', NOW(), NULL, NOW(), 50, 100, 10, '0000000b-0000-0000-0000-000000000020', '00000006-0000-0000-0000-000000000001'),
('00000016-0000-0000-0000-000000000021', NOW(), NULL, NOW(), 60, 120, 12, '0000000b-0000-0000-0000-000000000021', '00000006-0000-0000-0000-000000000001'),
('00000016-0000-0000-0000-000000000022', NOW(), NULL, NOW(), 100, 200, 20, '0000000b-0000-0000-0000-000000000022', '00000006-0000-0000-0000-000000000001'),
('00000016-0000-0000-0000-000000000023', NOW(), NULL, NOW(), 40, 80, 8, '0000000b-0000-0000-0000-000000000023', '00000006-0000-0000-0000-000000000001'),
('00000016-0000-0000-0000-000000000024', NOW(), NULL, NOW(), 100, 200, 20, '0000000b-0000-0000-0000-000000000024', '00000006-0000-0000-0000-000000000001'),
('00000016-0000-0000-0000-000000000025', NOW(), NULL, NOW(), 20, 40, 4, '0000000b-0000-0000-0000-000000000025', '00000006-0000-0000-0000-000000000001'),
('00000016-0000-0000-0000-000000000026', NOW(), NULL, NOW(), 400, 800, 40, '0000000b-0000-0000-0000-000000000026', '00000006-0000-0000-0000-000000000001'),
('00000016-0000-0000-0000-000000000027', NOW(), NULL, NOW(), 60, 120, 12, '0000000b-0000-0000-0000-000000000027', '00000006-0000-0000-0000-000000000001'),
('00000016-0000-0000-0000-000000000028', NOW(), NULL, NOW(), 80, 150, 15, '0000000b-0000-0000-0000-000000000028', '00000006-0000-0000-0000-000000000001'),
('00000016-0000-0000-0000-000000000029', NOW(), NULL, NOW(), 150, 300, 30, '0000000b-0000-0000-0000-000000000029', '00000006-0000-0000-0000-000000000001'),
('00000016-0000-0000-0000-000000000030', NOW(), NULL, NOW(), 100, 200, 20, '0000000b-0000-0000-0000-000000000030', '00000006-0000-0000-0000-000000000001'),
('00000016-0000-0000-0000-000000000031', NOW(), NULL, NOW(), 20, 40, 4, '0000000b-0000-0000-0000-000000000031', '00000006-0000-0000-0000-000000000001'),
('00000016-0000-0000-0000-000000000032', NOW(), NULL, NOW(), 25, 50, 5, '0000000b-0000-0000-0000-000000000032', '00000006-0000-0000-0000-000000000001'),
('00000016-0000-0000-0000-000000000033', NOW(), NULL, NOW(), 30, 60, 6, '0000000b-0000-0000-0000-000000000033', '00000006-0000-0000-0000-000000000001'),
('00000016-0000-0000-0000-000000000034', NOW(), NULL, NOW(), 50, 100, 10, '0000000b-0000-0000-0000-000000000034', '00000006-0000-0000-0000-000000000001'),
('00000016-0000-0000-0000-000000000035', NOW(), NULL, NOW(), 40, 80, 8, '0000000b-0000-0000-0000-000000000035', '00000006-0000-0000-0000-000000000001'),
('00000016-0000-0000-0000-000000000036', NOW(), NULL, NOW(), 60, 120, 12, '0000000b-0000-0000-0000-000000000036', '00000006-0000-0000-0000-000000000001'),
('00000016-0000-0000-0000-000000000037', NOW(), NULL, NOW(), 70, 140, 14, '0000000b-0000-0000-0000-000000000037', '00000006-0000-0000-0000-000000000001'),
('00000016-0000-0000-0000-000000000038', NOW(), NULL, NOW(), 65, 130, 13, '0000000b-0000-0000-0000-000000000038', '00000006-0000-0000-0000-000000000001'),
('00000016-0000-0000-0000-000000000039', NOW(), NULL, NOW(), 60, 120, 12, '0000000b-0000-0000-0000-000000000039', '00000006-0000-0000-0000-000000000001'),
('00000016-0000-0000-0000-000000000040', NOW(), NULL, NOW(), 25, 50, 5, '0000000b-0000-0000-0000-000000000040', '00000006-0000-0000-0000-000000000001'),
('00000016-0000-0000-0000-000000000041', NOW(), NULL, NOW(), 200, 400, 40, '0000000b-0000-0000-0000-000000000041', '00000006-0000-0000-0000-000000000001'),
('00000016-0000-0000-0000-000000000042', NOW(), NULL, NOW(), 150, 300, 30, '0000000b-0000-0000-0000-000000000042', '00000006-0000-0000-0000-000000000001'),
('00000016-0000-0000-0000-000000000043', NOW(), NULL, NOW(), 180, 350, 35, '0000000b-0000-0000-0000-000000000043', '00000006-0000-0000-0000-000000000001'),
('00000016-0000-0000-0000-000000000044', NOW(), NULL, NOW(), 120, 250, 25, '0000000b-0000-0000-0000-000000000044', '00000006-0000-0000-0000-000000000001'),
('00000016-0000-0000-0000-000000000045', NOW(), NULL, NOW(), 160, 320, 32, '0000000b-0000-0000-0000-000000000045', '00000006-0000-0000-0000-000000000001'),
('00000016-0000-0000-0000-000000000046', NOW(), NULL, NOW(), 250, 500, 50, '0000000b-0000-0000-0000-000000000046', '00000006-0000-0000-0000-000000000001'),
('00000016-0000-0000-0000-000000000047', NOW(), NULL, NOW(), 230, 450, 45, '0000000b-0000-0000-0000-000000000047', '00000006-0000-0000-0000-000000000001'),
('00000016-0000-0000-0000-000000000048', NOW(), NULL, NOW(), 100, 200, 20, '0000000b-0000-0000-0000-000000000048', '00000006-0000-0000-0000-000000000001'),
('00000016-0000-0000-0000-000000000049', NOW(), NULL, NOW(), 90, 180, 18, '0000000b-0000-0000-0000-000000000049', '00000006-0000-0000-0000-000000000001'),
('00000016-0000-0000-0000-000000000050', NOW(), NULL, NOW(), 80, 160, 16, '0000000b-0000-0000-0000-000000000050', '00000006-0000-0000-0000-000000000001'),
('00000016-0000-0000-0000-000000000051', NOW(), NULL, NOW(), 70, 140, 14, '0000000b-0000-0000-0000-000000000051', '00000006-0000-0000-0000-000000000001'),
('00000016-0000-0000-0000-000000000052', NOW(), NULL, NOW(), 60, 120, 12, '0000000b-0000-0000-0000-000000000052', '00000006-0000-0000-0000-000000000001'),
('00000016-0000-0000-0000-000000000053', NOW(), NULL, NOW(), 300, 600, 60, '0000000b-0000-0000-0000-000000000053', '00000006-0000-0000-0000-000000000001'),
('00000016-0000-0000-0000-000000000054', NOW(), NULL, NOW(), 280, 550, 55, '0000000b-0000-0000-0000-000000000054', '00000006-0000-0000-0000-000000000001'),
('00000016-0000-0000-0000-000000000055', NOW(), NULL, NOW(), 120, 240, 24, '0000000b-0000-0000-0000-000000000055', '00000006-0000-0000-0000-000000000001');

INSERT INTO `promocion` (`id`, `alta`, `denominacion`, `descuento`, `fecha_desde`, `fecha_hasta`) VALUES
('0000000f-0000-0000-0000-000000000001', '2026-01-01 10:00:00', 'Promo Burger Simple + Bebida', 15, '2026-01-01', '2026-06-30'),
('0000000f-0000-0000-0000-000000000002', '2026-02-15 10:00:00', 'Promo Pizzas 2x1 (Especial)', 50, '2026-03-01', '2026-05-31'),
('0000000f-0000-0000-0000-000000000003', '2026-03-20 10:00:00', 'Promo Lomo Completo + Papas', 20, '2026-04-01', '2026-04-30'),
('0000000f-0000-0000-0000-000000000004', '2026-01-01 10:00:00', 'Happy Hour Cerveza', 30, '2026-02-01', '2026-12-31'),
('0000000f-0000-0000-0000-000000000005', '2026-04-01 10:00:00', 'Menu Infantil (Burger + Papas)', 25, '2026-04-10', '2026-05-15'),
('0000000f-0000-0000-0000-000000000006', '2026-01-10 10:00:00', 'Especial Verano (Bacon + Cerveza)', 20, '2026-01-15', '2026-03-21'),
('0000000f-0000-0000-0000-000000000007', '2026-02-20 10:00:00', 'Promo Vuelta a Clases (Muzza + 2 Cocas)', 25, '2026-02-25', '2026-03-15');

INSERT INTO `promocion_detalle` (`id`, `alta`, `cantidad`, `articulo_insumo_id`, `articulo_manufacturado_id`) VALUES
('00000010-0000-0000-0000-000000000001', '2026-01-01 10:00:00', 1, NULL, '0000000d-0000-0000-0000-000000000001'), 
('00000010-0000-0000-0000-000000000002', '2026-01-01 10:00:00', 1, '0000000b-0000-0000-0000-000000000041', NULL),
('00000010-0000-0000-0000-000000000003', '2026-02-15 10:00:00', 2, NULL, '0000000d-0000-0000-0000-000000000007'),
('00000010-0000-0000-0000-000000000004', '2026-03-20 10:00:00', 1, NULL, '0000000d-0000-0000-0000-000000000012'), 
('00000010-0000-0000-0000-000000000005', '2026-03-20 10:00:00', 1, NULL, '0000000d-0000-0000-0000-000000000014'),
('00000010-0000-0000-0000-000000000006', '2026-01-01 10:00:00', 2, '0000000b-0000-0000-0000-000000000048', NULL),
('00000010-0000-0000-0000-000000000007', '2026-04-01 10:00:00', 1, NULL, '0000000d-0000-0000-0000-000000000001'), 
('00000010-0000-0000-0000-000000000008', '2026-04-01 10:00:00', 1, NULL, '0000000d-0000-0000-0000-000000000014'),
('00000010-0000-0000-0000-000000000009', '2026-01-10 10:00:00', 1, NULL, '0000000d-0000-0000-0000-000000000004'),
('00000010-0000-0000-0000-000000000010', '2026-01-10 10:00:00', 1, '0000000b-0000-0000-0000-000000000048', NULL),
('00000010-0000-0000-0000-000000000011', '2026-02-20 10:00:00', 1, NULL, '0000000d-0000-0000-0000-000000000006'),
('00000010-0000-0000-0000-000000000012', '2026-02-20 10:00:00', 2, '0000000b-0000-0000-0000-000000000041', NULL);

INSERT INTO `promocion_promocion_detalle` (`promocion_id`, `promocion_detalle_id`) VALUES
('0000000f-0000-0000-0000-000000000001', '00000010-0000-0000-0000-000000000001'), ('0000000f-0000-0000-0000-000000000001', '00000010-0000-0000-0000-000000000002'),
('0000000f-0000-0000-0000-000000000002', '00000010-0000-0000-0000-000000000003'),
('0000000f-0000-0000-0000-000000000003', '00000010-0000-0000-0000-000000000004'), ('0000000f-0000-0000-0000-000000000003', '00000010-0000-0000-0000-000000000005'),
('0000000f-0000-0000-0000-000000000004', '00000010-0000-0000-0000-000000000006'),
('0000000f-0000-0000-0000-000000000005', '00000010-0000-0000-0000-000000000007'), ('0000000f-0000-0000-0000-000000000005', '00000010-0000-0000-0000-000000000008'),
('0000000f-0000-0000-0000-000000000006', '00000010-0000-0000-0000-000000000009'), ('0000000f-0000-0000-0000-000000000006', '00000010-0000-0000-0000-000000000010'),
('0000000f-0000-0000-0000-000000000007', '00000010-0000-0000-0000-000000000011'), ('0000000f-0000-0000-0000-000000000007', '00000010-0000-0000-0000-000000000012');

INSERT INTO `promocion_path_imagen` (`promocion_id`, `path_imagen`) VALUES
('0000000f-0000-0000-0000-000000000001', '0000000f-0000-0000-0000-000000000001.png'),
('0000000f-0000-0000-0000-000000000002', '0000000f-0000-0000-0000-000000000002.png'),
('0000000f-0000-0000-0000-000000000003', '0000000f-0000-0000-0000-000000000003.png'),
('0000000f-0000-0000-0000-000000000004', '0000000f-0000-0000-0000-000000000004.png'),
('0000000f-0000-0000-0000-000000000005', '0000000f-0000-0000-0000-000000000005.png'),
('0000000f-0000-0000-0000-000000000006', '0000000f-0000-0000-0000-000000000006.png'),
('0000000f-0000-0000-0000-000000000007', '0000000f-0000-0000-0000-000000000007.png');

INSERT INTO `datos_mercado_pago` (`id`, `alta`, `payment_id`, `payment_method_id`, `payment_type`, `status`) VALUES
('00000011-0000-0000-0000-000000000001', NOW(), '987654321', 'visa', 'credit_card', 'approved'),
('00000011-0000-0000-0000-000000000002', NOW(), '987654322', 'master', 'credit_card', 'approved'),
('00000011-0000-0000-0000-000000000003', NOW(), '987654323', 'account_money', 'account_money', 'approved');

INSERT INTO `factura_venta` (`id`, `alta`, `descuento`, `fecha_facturacion`, `forma_pago`, `gastos_envio`, `numero_comprobante`, `sub_total`, `total_venta`, `datosmp_id`) VALUES
('00000012-0000-0000-0000-000000000001', NOW(), 0, NOW(), 1, 500, 10001, 7500, 8000, '00000011-0000-0000-0000-000000000001'),
('00000012-0000-0000-0000-000000000002', NOW(), 0, NOW(), 0, 0, 10002, 6000, 6000, NULL),
('00000012-0000-0000-0000-000000000003', NOW(), 0, NOW(), 1, 500, 10003, 4000, 4500, '00000011-0000-0000-0000-000000000002'),
('00000012-0000-0000-0000-000000000004', NOW(), 0, NOW(), 0, 0, 10004, 7500, 7500, NULL),
('00000012-0000-0000-0000-000000000005', NOW(), 0, NOW(), 1, 500, 10005, 8500, 9000, '00000011-0000-0000-0000-000000000003'),
('00000012-0000-0000-0000-000000000006', NOW(), 0, NOW(), 0, 500, 10006, 3500, 4000, NULL);

INSERT INTO `factura_venta_detalle` (`id`, `alta`, `cantidad`, `sub_total`) VALUES
('00000013-0000-0000-0000-000000000001', NOW(), 1, 7500),
('00000013-0000-0000-0000-000000000002', NOW(), 1, 6000),
('00000013-0000-0000-0000-000000000003', NOW(), 1, 4000),
('00000013-0000-0000-0000-000000000004', NOW(), 1, 7500),
('00000013-0000-0000-0000-000000000005', NOW(), 1, 8500),
('00000013-0000-0000-0000-000000000006', NOW(), 1, 3500);

INSERT INTO `factura_venta_detalle_articulo_manufacturado` (`factura_venta_detalle_id`, `articulo_manufacturado_id`) VALUES
('00000013-0000-0000-0000-000000000001', '0000000d-0000-0000-0000-000000000011'), ('00000013-0000-0000-0000-000000000002', '0000000d-0000-0000-0000-000000000006'), ('00000013-0000-0000-0000-000000000003', '0000000d-0000-0000-0000-000000000002'),
('00000013-0000-0000-0000-000000000004', '0000000d-0000-0000-0000-000000000010'), ('00000013-0000-0000-0000-000000000005', '0000000d-0000-0000-0000-000000000012'), ('00000013-0000-0000-0000-000000000006', '0000000d-0000-0000-0000-000000000001');

INSERT INTO `factura_venta_factura_venta_detalle` (`factura_venta_id`, `factura_venta_detalle_id`) VALUES
('00000012-0000-0000-0000-000000000001', '00000013-0000-0000-0000-000000000001'), ('00000012-0000-0000-0000-000000000002', '00000013-0000-0000-0000-000000000002'), ('00000012-0000-0000-0000-000000000003', '00000013-0000-0000-0000-000000000003'),
('00000012-0000-0000-0000-000000000004', '00000013-0000-0000-0000-000000000004'), ('00000012-0000-0000-0000-000000000005', '00000013-0000-0000-0000-000000000005'), ('00000012-0000-0000-0000-000000000006', '00000013-0000-0000-0000-000000000006');

INSERT INTO `pedido_venta` (`id`, `alta`, `descuento`, `estado`, `fecha_pedido`, `forma_pago`, `gastos_envio`, `hora_estimada_finalizacion`, `subtotal`, `tipo_envio`, `total`, `total_costo`, `cliente_id`, `empleado_id`, `factura_id`, `sucursal_id`) VALUES
('00000014-0000-0000-0000-000000000001', '2026-03-25 20:00:00', 0, 4, '2026-03-25 20:00:00', 1, 500, '2026-03-25 20:45:00', 7500, 0, 8000, 3500, '00000008-0000-0000-0000-000000000001', '00000009-0000-0000-0000-000000000003', '00000012-0000-0000-0000-000000000001', '00000006-0000-0000-0000-000000000001'), -- Delivery (0) -> Delivery (...003)
('00000014-0000-0000-0000-000000000002', '2026-03-28 21:10:00', 0, 4, '2026-03-28 21:10:00', 0, 0, '2026-03-28 21:40:00', 6000, 1, 6000, 2500, '00000008-0000-0000-0000-000000000002', '00000009-0000-0000-0000-000000000001', '00000012-0000-0000-0000-000000000002', '00000006-0000-0000-0000-000000000001'), -- Takeaway (1) -> Cajero (...001)
('00000014-0000-0000-0000-000000000003', '2026-03-30 19:30:00', 0, 4, '2026-03-30 19:30:00', 1, 500, '2026-03-30 20:15:00', 4000, 0, 4500, 1200, '00000008-0000-0000-0000-000000000003', '00000009-0000-0000-0000-000000000003', '00000012-0000-0000-0000-000000000003', '00000006-0000-0000-0000-000000000001'), -- Delivery (0) -> Delivery (...003)
('00000014-0000-0000-0000-000000000004', '2026-04-02 22:00:00', 0, 4, '2026-04-02 22:00:00', 0, 0, '2026-04-02 22:30:00', 7500, 1, 7500, 3200, '00000008-0000-0000-0000-000000000004', '00000009-0000-0000-0000-000000000005', '00000012-0000-0000-0000-000000000004', '00000006-0000-0000-0000-000000000001'), -- Takeaway (1) -> Cajero (...005)
('00000014-0000-0000-0000-000000000005', '2026-04-05 20:15:00', 0, 4, '2026-04-05 20:15:00', 1, 500, '2026-04-05 21:00:00', 8500, 0, 9000, 4200, '00000008-0000-0000-0000-000000000005', '00000009-0000-0000-0000-000000000003', '00000012-0000-0000-0000-000000000005', '00000006-0000-0000-0000-000000000001'), -- Delivery (0) -> Delivery (...003)
('00000014-0000-0000-0000-000000000006', '2026-04-08 21:20:00', 0, 4, '2026-04-08 21:20:00', 0, 500, '2026-04-08 22:05:00', 3500, 0, 4000, 1000, '00000008-0000-0000-0000-000000000006', '00000009-0000-0000-0000-000000000003', '00000012-0000-0000-0000-000000000006', '00000006-0000-0000-0000-000000000001'), -- Delivery (0) -> Delivery (...003)
('00000014-0000-0000-0000-000000000007', '2026-04-09 20:10:00', 0, 3, '2026-04-09 20:10:00', 1, 500, '2026-04-09 20:55:00', 7000, 0, 7500, 2000, '00000008-0000-0000-0000-000000000007', '00000009-0000-0000-0000-000000000001', NULL, '00000006-0000-0000-0000-000000000001'), -- Cajero (...001)
('00000014-0000-0000-0000-000000000008', '2026-04-10 19:40:00', 0, 3, '2026-04-10 19:40:00', 0, 0, '2026-04-10 20:10:00', 6000, 1, 6000, 2500, '00000008-0000-0000-0000-000000000008', '00000009-0000-0000-0000-000000000005', NULL, '00000006-0000-0000-0000-000000000001'), -- Cajero (...005)
('00000014-0000-0000-0000-000000000009', '2026-04-10 21:00:00', 0, 3, '2026-04-10 21:00:00', 1, 500, '2026-04-10 21:45:00', 4000, 0, 4500, 1200, '00000008-0000-0000-0000-000000000009', '00000009-0000-0000-0000-000000000001', NULL, '00000006-0000-0000-0000-000000000001'), -- Cajero (...001)
('00000014-0000-0000-0000-000000000010', '2026-04-11 20:35:00', 0, 3, '2026-04-11 20:35:00', 0, 0, '2026-04-11 21:05:00', 5500, 1, 5500, 2000, '00000008-0000-0000-0000-000000000010', '00000009-0000-0000-0000-000000000005', NULL, '00000006-0000-0000-0000-000000000001'), -- Cajero (...005)
('00000014-0000-0000-0000-000000000011', '2026-04-12 22:20:00', 0, 3, '2026-04-12 22:20:00', 1, 500, '2026-04-12 23:05:00', 8500, 0, 9000, 4200, '00000008-0000-0000-0000-000000000011', '00000009-0000-0000-0000-000000000001', NULL, '00000006-0000-0000-0000-000000000001'), -- Cajero (...001)
('00000014-0000-0000-0000-000000000012', '2026-04-12 23:00:00', 0, 3, '2026-04-12 23:00:00', 0, 500, '2026-04-12 23:45:00', 5000, 0, 5500, 1600, '00000008-0000-0000-0000-000000000012', '00000009-0000-0000-0000-000000000005', NULL, '00000006-0000-0000-0000-000000000001'), -- Cajero (...005)
('00000014-0000-0000-0000-000000000013', '2026-04-13 19:30:00', 0, 2, '2026-04-13 19:30:00', 1, 0, '2026-04-13 20:00:00', 6800, 1, 6800, 2800, '00000008-0000-0000-0000-000000000013', '00000009-0000-0000-0000-000000000001', NULL, '00000006-0000-0000-0000-000000000001'), -- Cajero (...001)
('00000014-0000-0000-0000-000000000014', '2026-04-13 20:00:00', 0, 2, '2026-04-13 20:00:00', 0, 500, '2026-04-13 20:45:00', 6500, 0, 7000, 2700, '00000008-0000-0000-0000-000000000014', '00000009-0000-0000-0000-000000000005', NULL, '00000006-0000-0000-0000-000000000001'), -- Cajero (...005)
('00000014-0000-0000-0000-000000000015', '2026-04-13 20:15:00', 0, 2, '2026-04-13 20:15:00', 1, 0, '2026-04-13 20:45:00', 7500, 1, 7500, 3500, '00000008-0000-0000-0000-000000000015', '00000009-0000-0000-0000-000000000001', NULL, '00000006-0000-0000-0000-000000000001'), -- Cajero (...001)
('00000014-0000-0000-0000-000000000016', '2026-04-13 21:40:00', 0, 2, '2026-04-13 21:40:00', 0, 500, '2026-04-13 22:25:00', 4800, 0, 5300, 1500, '00000008-0000-0000-0000-000000000001', '00000009-0000-0000-0000-000000000005', NULL, '00000006-0000-0000-0000-000000000001'), -- Cajero (...005)
('00000014-0000-0000-0000-000000000017', '2026-04-13 22:05:00', 0, 2, '2026-04-13 22:05:00', 1, 0, '2026-04-13 22:35:00', 4000, 1, 4000, 1500, '00000008-0000-0000-0000-000000000002', '00000009-0000-0000-0000-000000000001', NULL, '00000006-0000-0000-0000-000000000001'), -- Cajero (...001)
('00000014-0000-0000-0000-000000000018', '2026-04-13 22:20:00', 0, 2, '2026-04-13 22:20:00', 0, 500, '2026-04-13 23:05:00', 8000, 0, 8500, 2400, '00000008-0000-0000-0000-000000000003', '00000009-0000-0000-0000-000000000005', NULL, '00000006-0000-0000-0000-000000000001'), -- Cajero (...005)
('00000014-0000-0000-0000-000000000019', '2026-04-14 20:10:00', 0, 1, '2026-04-14 20:10:00', 1, 500, '2026-04-14 20:55:00', 7000, 0, 7500, 3000, '00000008-0000-0000-0000-000000000004', '00000009-0000-0000-0000-000000000003', NULL, '00000006-0000-0000-0000-000000000001'), -- Delivery (0) -> Delivery (...003)
('00000014-0000-0000-0000-000000000020', '2026-04-14 20:25:00', 0, 1, '2026-04-14 20:25:00', 0, 0, '2026-04-14 20:55:00', 7500, 1, 7500, 3200, '00000008-0000-0000-0000-000000000005', '00000009-0000-0000-0000-000000000001', NULL, '00000006-0000-0000-0000-000000000001'), -- Takeaway (1) -> Cajero (...001)
('00000014-0000-0000-0000-000000000021', '2026-04-14 20:40:00', 0, 1, '2026-04-14 20:40:00', 1, 500, '2026-04-14 21:25:00', 8500, 0, 9000, 4200, '00000008-0000-0000-0000-000000000006', '00000009-0000-0000-0000-000000000003', NULL, '00000006-0000-0000-0000-000000000001'), -- Delivery (0) -> Delivery (...003)
('00000014-0000-0000-0000-000000000022', '2026-04-14 21:00:00', 0, 1, '2026-04-14 21:00:00', 0, 500, '2026-04-14 21:45:00', 3500, 0, 4000, 1000, '00000008-0000-0000-0000-000000000007', '00000009-0000-0000-0000-000000000003', NULL, '00000006-0000-0000-0000-000000000001'), -- Delivery (0) -> Delivery (...003)
('00000014-0000-0000-0000-000000000023', '2026-04-14 21:15:00', 0, 1, '2026-04-14 21:15:00', 1, 0, '2026-04-14 21:45:00', 6000, 1, 6000, 2500, '00000008-0000-0000-0000-000000000008', '00000009-0000-0000-0000-000000000005', NULL, '00000006-0000-0000-0000-000000000001'), -- Takeaway (1) -> Cajero (...005)
('00000014-0000-0000-0000-000000000024', '2026-04-14 21:30:00', 0, 1, '2026-04-14 21:30:00', 0, 500, '2026-04-14 22:15:00', 5500, 0, 6000, 2000, '00000008-0000-0000-0000-000000000009', '00000009-0000-0000-0000-000000000003', NULL, '00000006-0000-0000-0000-000000000001'), -- Delivery (0) -> Delivery (...003)
('00000014-0000-0000-0000-000000000025', '2026-04-14 22:00:00', 0, 0, '2026-04-14 22:00:00', 1, 500, '2026-04-14 22:45:00', 9600, 0, 10100, 3000, '00000008-0000-0000-0000-000000000010', '00000009-0000-0000-0000-000000000002', NULL, '00000006-0000-0000-0000-000000000001'), -- Cocinero (...002)
('00000014-0000-0000-0000-000000000026', '2026-04-14 22:05:00', 0, 0, '2026-04-14 22:05:00', 0, 0, '2026-04-14 22:35:00', 5200, 1, 5200, 1800, '00000008-0000-0000-0000-000000000011', '00000009-0000-0000-0000-000000000004', NULL, '00000006-0000-0000-0000-000000000001'), -- Cocinero (...004)
('00000014-0000-0000-0000-000000000027', '2026-04-14 22:15:00', 0, 0, '2026-04-14 22:15:00', 1, 500, '2026-04-14 23:00:00', 6800, 0, 7300, 2800, '00000008-0000-0000-0000-000000000012', '00000009-0000-0000-0000-000000000002', NULL, '00000006-0000-0000-0000-000000000001'), -- Cocinero (...002)
('00000014-0000-0000-0000-000000000028', '2026-04-14 22:20:00', 0, 0, '2026-04-14 22:20:00', 0, 500, '2026-04-14 23:05:00', 7500, 0, 8000, 3500, '00000008-0000-0000-0000-000000000013', '00000009-0000-0000-0000-000000000004', NULL, '00000006-0000-0000-0000-000000000001'), -- Cocinero (...004)
('00000014-0000-0000-0000-000000000029', '2026-04-14 22:30:00', 0, 0, '2026-04-14 22:30:00', 1, 0, '2026-04-14 23:00:00', 4000, 1, 4000, 1500, '00000008-0000-0000-0000-000000000014', '00000009-0000-0000-0000-000000000002', NULL, '00000006-0000-0000-0000-000000000001'), -- Cocinero (...002)
('00000014-0000-0000-0000-000000000030', '2026-04-14 22:35:00', 0, 0, '2026-04-14 22:35:00', 0, 500, '2026-04-14 23:20:00', 7000, 0, 7500, 2000, '00000008-0000-0000-0000-000000000015', '00000009-0000-0000-0000-000000000004', NULL, '00000006-0000-0000-0000-000000000001'); -- Cocinero (...004)

INSERT INTO `pedido_venta_detalle` (`id`, `alta`, `baja`, `modificacion`, `cantidad`, `sub_total`, `articulo_insumo_id`, `articulo_manufacturado_id`) VALUES
('00000015-0000-0000-0000-000000000001', NOW(), NULL, NOW(), 1, 7500, NULL, '0000000d-0000-0000-0000-000000000011'),
('00000015-0000-0000-0000-000000000002', NOW(), NULL, NOW(), 1, 6000, NULL, '0000000d-0000-0000-0000-000000000006'),
('00000015-0000-0000-0000-000000000003', NOW(), NULL, NOW(), 1, 4000, NULL, '0000000d-0000-0000-0000-000000000002'),
('00000015-0000-0000-0000-000000000004', NOW(), NULL, NOW(), 1, 7500, NULL, '0000000d-0000-0000-0000-000000000010'),
('00000015-0000-0000-0000-000000000005', NOW(), NULL, NOW(), 1, 8500, NULL, '0000000d-0000-0000-0000-000000000012'),
('00000015-0000-0000-0000-000000000006', NOW(), NULL, NOW(), 1, 3500, NULL, '0000000d-0000-0000-0000-000000000001'),
('00000015-0000-0000-0000-000000000007', NOW(), NULL, NOW(), 2, 7000, NULL, '0000000d-0000-0000-0000-000000000001'),
('00000015-0000-0000-0000-000000000008', NOW(), NULL, NOW(), 1, 6000, NULL, '0000000d-0000-0000-0000-000000000006'),
('00000015-0000-0000-0000-000000000009', NOW(), NULL, NOW(), 1, 4000, NULL, '0000000d-0000-0000-0000-000000000002'),
('00000015-0000-0000-0000-000000000010', NOW(), NULL, NOW(), 1, 5500, NULL, '0000000d-0000-0000-0000-000000000004'),
('00000015-0000-0000-0000-000000000011', NOW(), NULL, NOW(), 1, 8500, NULL, '0000000d-0000-0000-0000-000000000012'),
('00000015-0000-0000-0000-000000000012', NOW(), NULL, NOW(), 2, 5000, NULL, '0000000d-0000-0000-0000-000000000014'),
('00000015-0000-0000-0000-000000000013', NOW(), NULL, NOW(), 1, 6800, NULL, '0000000d-0000-0000-0000-000000000008'),
('00000015-0000-0000-0000-000000000014', NOW(), NULL, NOW(), 1, 6500, NULL, '0000000d-0000-0000-0000-000000000009'),
('00000015-0000-0000-0000-000000000015', NOW(), NULL, NOW(), 1, 7500, NULL, '0000000d-0000-0000-0000-000000000011'),
('00000015-0000-0000-0000-000000000016', NOW(), NULL, NOW(), 1, 4800, NULL, '0000000d-0000-0000-0000-000000000003'),
('00000015-0000-0000-0000-000000000017', NOW(), NULL, NOW(), 1, 4000, NULL, '0000000d-0000-0000-0000-000000000015'),
('00000015-0000-0000-0000-000000000018', NOW(), NULL, NOW(), 2, 8000, NULL, '0000000d-0000-0000-0000-000000000002'),
('00000015-0000-0000-0000-000000000019', NOW(), NULL, NOW(), 1, 7000, NULL, '0000000d-0000-0000-0000-000000000007'),
('00000015-0000-0000-0000-000000000020', NOW(), NULL, NOW(), 1, 7500, NULL, '0000000d-0000-0000-0000-000000000010'),
('00000015-0000-0000-0000-000000000021', NOW(), NULL, NOW(), 1, 8500, NULL, '0000000d-0000-0000-0000-000000000012'),
('00000015-0000-0000-0000-000000000022', NOW(), NULL, NOW(), 1, 3500, NULL, '0000000d-0000-0000-0000-000000000001'),
('00000015-0000-0000-0000-000000000023', NOW(), NULL, NOW(), 1, 6000, NULL, '0000000d-0000-0000-0000-000000000006'),
('00000015-0000-0000-0000-000000000024', NOW(), NULL, NOW(), 1, 5500, NULL, '0000000d-0000-0000-0000-000000000004'),
('00000015-0000-0000-0000-000000000025', NOW(), NULL, NOW(), 2, 9600, NULL, '0000000d-0000-0000-0000-000000000003'),
('00000015-0000-0000-0000-000000000026', NOW(), NULL, NOW(), 1, 5200, NULL, '0000000d-0000-0000-0000-000000000005'),
('00000015-0000-0000-0000-000000000027', NOW(), NULL, NOW(), 1, 6800, NULL, '0000000d-0000-0000-0000-000000000008'),
('00000015-0000-0000-0000-000000000028', NOW(), NULL, NOW(), 1, 7500, NULL, '0000000d-0000-0000-0000-000000000011'),
('00000015-0000-0000-0000-000000000029', NOW(), NULL, NOW(), 1, 4000, NULL, '0000000d-0000-0000-0000-000000000015'),
('00000015-0000-0000-0000-000000000030', NOW(), NULL, NOW(), 2, 7000, NULL, '0000000d-0000-0000-0000-000000000001'),
('00000015-0000-0000-0000-000000000091', NOW(), NULL, NOW(), 2, 2400, '0000000b-0000-0000-0000-000000000041', NULL),
('00000015-0000-0000-0000-000000000092', NOW(), NULL, NOW(), 1, 2500, '0000000b-0000-0000-0000-000000000048', NULL),
('00000015-0000-0000-0000-000000000093', NOW(), NULL, NOW(), 3, 3000, '0000000b-0000-0000-0000-000000000053', NULL);

INSERT INTO `pedido_venta_pedido_venta_detalle` (`pedido_venta_id`, `pedido_venta_detalle_id`) VALUES
('00000014-0000-0000-0000-000000000001', '00000015-0000-0000-0000-000000000001'),
('00000014-0000-0000-0000-000000000002', '00000015-0000-0000-0000-000000000002'),
('00000014-0000-0000-0000-000000000003', '00000015-0000-0000-0000-000000000003'),
('00000014-0000-0000-0000-000000000004', '00000015-0000-0000-0000-000000000004'),
('00000014-0000-0000-0000-000000000005', '00000015-0000-0000-0000-000000000005'),
('00000014-0000-0000-0000-000000000006', '00000015-0000-0000-0000-000000000006'),
('00000014-0000-0000-0000-000000000007', '00000015-0000-0000-0000-000000000007'),
('00000014-0000-0000-0000-000000000008', '00000015-0000-0000-0000-000000000008'),
('00000014-0000-0000-0000-000000000009', '00000015-0000-0000-0000-000000000009'),
('00000014-0000-0000-0000-000000000010', '00000015-0000-0000-0000-000000000010'),
('00000014-0000-0000-0000-000000000011', '00000015-0000-0000-0000-000000000011'),
('00000014-0000-0000-0000-000000000012', '00000015-0000-0000-0000-000000000012'),
('00000014-0000-0000-0000-000000000013', '00000015-0000-0000-0000-000000000013'),
('00000014-0000-0000-0000-000000000014', '00000015-0000-0000-0000-000000000014'),
('00000014-0000-0000-0000-000000000015', '00000015-0000-0000-0000-000000000015'),
('00000014-0000-0000-0000-000000000016', '00000015-0000-0000-0000-000000000016'),
('00000014-0000-0000-0000-000000000017', '00000015-0000-0000-0000-000000000017'),
('00000014-0000-0000-0000-000000000018', '00000015-0000-0000-0000-000000000018'),
('00000014-0000-0000-0000-000000000019', '00000015-0000-0000-0000-000000000019'),
('00000014-0000-0000-0000-000000000020', '00000015-0000-0000-0000-000000000020'),
('00000014-0000-0000-0000-000000000021', '00000015-0000-0000-0000-000000000021'),
('00000014-0000-0000-0000-000000000022', '00000015-0000-0000-0000-000000000022'),
('00000014-0000-0000-0000-000000000023', '00000015-0000-0000-0000-000000000023'),
('00000014-0000-0000-0000-000000000024', '00000015-0000-0000-0000-000000000024'),
('00000014-0000-0000-0000-000000000025', '00000015-0000-0000-0000-000000000025'),
('00000014-0000-0000-0000-000000000026', '00000015-0000-0000-0000-000000000026'),
('00000014-0000-0000-0000-000000000027', '00000015-0000-0000-0000-000000000027'),
('00000014-0000-0000-0000-000000000028', '00000015-0000-0000-0000-000000000028'),
('00000014-0000-0000-0000-000000000029', '00000015-0000-0000-0000-000000000029'),
('00000014-0000-0000-0000-000000000030', '00000015-0000-0000-0000-000000000030'),
('00000014-0000-0000-0000-000000000001', '00000015-0000-0000-0000-000000000091'),
('00000014-0000-0000-0000-000000000002', '00000015-0000-0000-0000-000000000092'),
('00000014-0000-0000-0000-000000000003', '00000015-0000-0000-0000-000000000093');