USE BuenSaborPrueba;

INSERT INTO `pais` (`id`, `alta`, `nombre`) VALUES 
('00000001-0000-0000-0000-000000000001', NOW(), 'Argentina');

INSERT INTO `provincia` (`id`, `alta`, `nombre`, `pais_id`) VALUES 
('00000002-0000-0000-0000-000000000001', NOW(), 'Mendoza', '00000001-0000-0000-0000-000000000001');

INSERT INTO `localidad` (`id`, `alta`, `nombre`, `provincia_id`) VALUES 
('00000003-0000-0000-0000-000000000001', NOW(), 'Mendoza Capital', '00000002-0000-0000-0000-000000000001'),
('00000003-0000-0000-0000-000000000002', NOW(), 'Godoy Cruz', '00000002-0000-0000-0000-000000000001'),
('00000003-0000-0000-0000-000000000003', NOW(), 'Guaymallén', '00000002-0000-0000-0000-000000000001');

INSERT INTO `domicilio` (`id`, `alta`, `calle`, `cp`, `numero`, `localidad_id`) VALUES 
('00000004-0000-0000-0000-000000000099', NOW(), 'Av. Arístides Villanueva', 5500, 123, '00000003-0000-0000-0000-000000000001'),
('00000004-0000-0000-0000-000000000001', NOW(), 'Calle Falsa', 5501, 456, '00000003-0000-0000-0000-000000000002'),
('00000004-0000-0000-0000-000000000002', NOW(), 'Paso de los Andes', 5501, 789, '00000003-0000-0000-0000-000000000002'),
('00000004-0000-0000-0000-000000000003', NOW(), 'Belgrano', 5519, 101, '00000003-0000-0000-0000-000000000003'),
('00000004-0000-0000-0000-000000000004', NOW(), 'San Martín', 5500, 202, '00000003-0000-0000-0000-000000000001'),
('00000004-0000-0000-0000-000000000005', NOW(), 'Colon', 5500, 303, '00000003-0000-0000-0000-000000000001'),
('00000004-0000-0000-0000-000000000006', NOW(), 'Las Heras', 5500, 404, '00000003-0000-0000-0000-000000000001'),
('00000004-0000-0000-0000-000000000007', NOW(), 'Mitre', 5501, 505, '00000003-0000-0000-0000-000000000002'),
('00000004-0000-0000-0000-000000000008', NOW(), 'Sarmiento', 5519, 606, '00000003-0000-0000-0000-000000000003'),
('00000004-0000-0000-0000-000000000009', NOW(), 'España', 5500, 707, '00000003-0000-0000-0000-000000000001'),
('00000004-0000-0000-0000-000000000010', NOW(), '9 de Julio', 5500, 808, '00000003-0000-0000-0000-000000000001'),
('00000004-0000-0000-0000-000000000011', NOW(), 'Rivadavia', 5501, 909, '00000003-0000-0000-0000-000000000002'),
('00000004-0000-0000-0000-000000000012', NOW(), 'Chile', 5519, 111, '00000003-0000-0000-0000-000000000003'),
('00000004-0000-0000-0000-000000000013', NOW(), 'Pueyrredón', 5500, 222, '00000003-0000-0000-0000-000000000001'),
('00000004-0000-0000-0000-000000000014', NOW(), 'Viamonte', 5501, 333, '00000003-0000-0000-0000-000000000002'),
('00000004-0000-0000-0000-000000000015', NOW(), 'Alberti', 5519, 444, '00000003-0000-0000-0000-000000000003');

INSERT INTO `empresa` (`id`, `alta`, `cuil`, `nombre`, `razon_social`) VALUES 
('00000005-0000-0000-0000-000000000001', NOW(), 30712345678, 'Buen Sabor Gourtmet', 'Buen Sabor S.A.');

INSERT INTO `sucursal_empresa` (`id`, `alta`, `horario_apertura`, `horario_cierre`, `nombre`, `domicilio_id`) VALUES 
('00000006-0000-0000-0000-000000000001', NOW(), '19:00', '00:00', 'Sucursal Central Mendoza', '00000004-0000-0000-0000-000000000099');

INSERT INTO `empresa_sucursal_empresa` (`empresa_id`, `sucursal_empresa_id`) VALUES 
('00000005-0000-0000-0000-000000000001', '00000006-0000-0000-0000-000000000001');

INSERT INTO `usuario` (`id`, `alta`, `password`, `rol`, `username`, `empresa_id`, `sucursal_empresa_id`) VALUES 
('00000007-0000-0000-0000-000000000000', NOW(), 'administrador1', 'ADMIN', 'admin_gral', '00000005-0000-0000-0000-000000000001', '00000006-0000-0000-0000-000000000001'),
('00000007-0000-0000-0000-000000000001', NOW(), 'cliente1', 'CLIENTE', 'juan_perez', NULL, NULL),
('00000007-0000-0000-0000-000000000002', NOW(), 'cliente2', 'CLIENTE', 'ana_garcia', NULL, NULL),
('00000007-0000-0000-0000-000000000003', NOW(), 'cliente3', 'CLIENTE', 'carlos_rodriguez', NULL, NULL),
('00000007-0000-0000-0000-000000000004', NOW(), 'cliente4', 'CLIENTE', 'marta_lopez', NULL, NULL),
('00000007-0000-0000-0000-000000000005', NOW(), 'cliente5', 'CLIENTE', 'diego_martinez', NULL, NULL),
('00000007-0000-0000-0000-000000000006', NOW(), 'cliente6', 'CLIENTE', 'lucia_sanchez', NULL, NULL),
('00000007-0000-0000-0000-000000000007', NOW(), 'cliente7', 'CLIENTE', 'roberto_gomez', NULL, NULL),
('00000007-0000-0000-0000-000000000008', NOW(), 'cliente8', 'CLIENTE', 'elena_diaz', NULL, NULL),
('00000007-0000-0000-0000-000000000009', NOW(), 'cliente9', 'CLIENTE', 'facundo_paz', NULL, NULL),
('00000007-0000-0000-0000-000000000010', NOW(), 'cliente10', 'CLIENTE', 'sofa_vera', NULL, NULL),
('00000007-0000-0000-0000-000000000011', NOW(), 'cliente11', 'CLIENTE', 'marcos_ruiz', NULL, NULL),
('00000007-0000-0000-0000-000000000012', NOW(), 'cliente12', 'CLIENTE', 'valeria_luna', NULL, NULL),
('00000007-0000-0000-0000-000000000013', NOW(), 'cliente13', 'CLIENTE', 'pablo_torres', NULL, NULL),
('00000007-0000-0000-0000-000000000014', NOW(), 'cliente14', 'CLIENTE', 'jimena_rios', NULL, NULL),
('00000007-0000-0000-0000-000000000015', NOW(), 'cliente15', 'CLIENTE', 'hugo_sosa', NULL, NULL),
('00000007-0000-0000-0000-000000000091', NOW(), 'empleado1', 'EMPLEADO', 'cajero_01', '00000005-0000-0000-0000-000000000001', '00000006-0000-0000-0000-000000000001'),
('00000007-0000-0000-0000-000000000092', NOW(), 'empleado2', 'EMPLEADO', 'cocinero_01', '00000005-0000-0000-0000-000000000001', '00000006-0000-0000-0000-000000000001'),
('00000007-0000-0000-0000-000000000093', NOW(), 'empleado3', 'EMPLEADO', 'delivery_01', '00000005-0000-0000-0000-000000000001', '00000006-0000-0000-0000-000000000001'),
('00000007-0000-0000-0000-000000000094', NOW(), 'empleado4', 'EMPLEADO', 'cocinero_02', '00000005-0000-0000-0000-000000000001', '00000006-0000-0000-0000-000000000001'),
('00000007-0000-0000-0000-000000000095', NOW(), 'empleado5', 'EMPLEADO', 'cajero_02', '00000005-0000-0000-0000-000000000001', '00000006-0000-0000-0000-000000000001');

INSERT INTO `cliente` (`id`, `alta`, `apellido`, `email`, `nombre`, `telefono`, `domicilio_id`, `usuario_id`) VALUES 
('00000008-0000-0000-0000-000000000001', NOW(), 'Perez', 'juan@mail.com', 'Juan', '261444555', '00000004-0000-0000-0000-000000000001', '00000007-0000-0000-0000-000000000001'),
('00000008-0000-0000-0000-000000000002', NOW(), 'Garcia', 'ana@mail.com', 'Ana', '261555666', '00000004-0000-0000-0000-000000000002', '00000007-0000-0000-0000-000000000002'),
('00000008-0000-0000-0000-000000000003', NOW(), 'Rodriguez', 'carlos@mail.com', 'Carlos', '261666777', '00000004-0000-0000-0000-000000000003', '00000007-0000-0000-0000-000000000003'),
('00000008-0000-0000-0000-000000000004', NOW(), 'Lopez', 'marta@mail.com', 'Marta', '261777888', '00000004-0000-0000-0000-000000000004', '00000007-0000-0000-0000-000000000004'),
('00000008-0000-0000-0000-000000000005', NOW(), 'Martinez', 'diego@mail.com', 'Diego', '261888999', '00000004-0000-0000-0000-000000000005', '00000007-0000-0000-0000-000000000005'),
('00000008-0000-0000-0000-000000000006', NOW(), 'Sanchez', 'lucia@mail.com', 'Lucia', '261111222', '00000004-0000-0000-0000-000000000006', '00000007-0000-0000-0000-000000000006'),
('00000008-0000-0000-0000-000000000007', NOW(), 'Gomez', 'roberto@mail.com', 'Roberto', '261222333', '00000004-0000-0000-0000-000000000007', '00000007-0000-0000-0000-000000000007'),
('00000008-0000-0000-0000-000000000008', NOW(), 'Diaz', 'elena@mail.com', 'Elena', '261333444', '00000004-0000-0000-0000-000000000008', '00000007-0000-0000-0000-000000000008'),
('00000008-0000-0000-0000-000000000009', NOW(), 'Paz', 'facundo@mail.com', 'Facundo', '261555111', '00000004-0000-0000-0000-000000000009', '00000007-0000-0000-0000-000000000009'),
('00000008-0000-0000-0000-000000000010', NOW(), 'Vera', 'sofa@mail.com', 'Sofa', '261666222', '00000004-0000-0000-0000-000000000010', '00000007-0000-0000-0000-000000000010'),
('00000008-0000-0000-0000-000000000011', NOW(), 'Ruiz', 'marcos@mail.com', 'Marcos', '261777333', '00000004-0000-0000-0000-000000000011', '00000007-0000-0000-0000-000000000011'),
('00000008-0000-0000-0000-000000000012', NOW(), 'Luna', 'valeria@mail.com', 'Valeria', '261888444', '00000004-0000-0000-0000-000000000012', '00000007-0000-0000-0000-000000000012'),
('00000008-0000-0000-0000-000000000013', NOW(), 'Torres', 'pablo@mail.com', 'Pablo', '261999555', '00000004-0000-0000-0000-000000000013', '00000007-0000-0000-0000-000000000013'),
('00000008-0000-0000-0000-000000000014', NOW(), 'Rios', 'jimena@mail.com', 'Jimena', '261123456', '00000004-0000-0000-0000-000000000014', '00000007-0000-0000-0000-000000000014'),
('00000008-0000-0000-0000-000000000015', NOW(), 'Sosa', 'hugo@mail.com', 'Hugo', '261654321', '00000004-0000-0000-0000-000000000015', '00000007-0000-0000-0000-000000000015');

INSERT INTO `empleado` (`id`, `alta`, `apellido`, `cargo`, `email`, `nombre`, `telefono`, `usuario_id`) VALUES 
('00000009-0000-0000-0000-000000000001', NOW(), 'Molina', 'CAJERO', 'cajero1@buensabor.com', 'Ricardo', '261000111', '00000007-0000-0000-0000-000000000091'),
('00000009-0000-0000-0000-000000000002', NOW(), 'Ferrer', 'COCINERO', 'cocinero1@buensabor.com', 'Jose', '261000222', '00000007-0000-0000-0000-000000000092'),
('00000009-0000-0000-0000-000000000003', NOW(), 'Castro', 'DELIVERY', 'delivery1@buensabor.com', 'Luis', '261000333', '00000007-0000-0000-0000-000000000093'),
('00000009-0000-0000-0000-000000000004', NOW(), 'Zabaleta', 'COCINERO', 'cocinero2@buensabor.com', 'Maria', '261000444', '00000007-0000-0000-0000-000000000094'),
('00000009-0000-0000-0000-000000000005', NOW(), 'Guzman', 'CAJERO', 'cajero2@buensabor.com', 'Laura', '261000555', '00000007-0000-0000-0000-000000000095');

INSERT INTO `categoria_articulo` (`id`, `alta`, `denominacion`, `categoria_id`) VALUES 
('0000000a-0000-0000-0000-000000000001', NOW(), 'Insumos de Cocina', NULL),
('0000000a-0000-0000-0000-000000000002', NOW(), 'Bebidas Comerciales', NULL);

INSERT INTO `articulo_insumo` (`id`, `alta`, `denominacion`, `es_para_elaborar`, `precio_compra`, `precio_venta`, `unidad_medida`) VALUES 
('0000000b-0000-0000-0000-000000000001', NOW(), 'Pan de Hamburguesa', 1, 150, NULL, 'Unidad'),
('0000000b-0000-0000-0000-000000000002', NOW(), 'Medallón de Carne 100g', 1, 300, NULL, 'Unidad'),
('0000000b-0000-0000-0000-000000000003', NOW(), 'Queso Cheddar', 1, 4500, NULL, 'Kg'),
('0000000b-0000-0000-0000-000000000004', NOW(), 'Queso Tybo', 1, 4000, NULL, 'Kg'),
('0000000b-0000-0000-0000-000000000005', NOW(), 'Jamón Cocido', 1, 3500, NULL, 'Kg'),
('0000000b-0000-0000-0000-000000000006', NOW(), 'Panceta Ahumada', 1, 6000, NULL, 'Kg'),
('0000000b-0000-0000-0000-000000000007', NOW(), 'Huevo', 1, 100, NULL, 'Unidad'),
('0000000b-0000-0000-0000-000000000008', NOW(), 'Lechuga Repollada', 1, 800, NULL, 'Kg'),
('0000000b-0000-0000-0000-000000000009', NOW(), 'Tomate Perita', 1, 1000, NULL, 'Kg'),
('0000000b-0000-0000-0000-000000000010', NOW(), 'Cebolla Blanca', 1, 700, NULL, 'Kg'),
('0000000b-0000-0000-0000-000000000011', NOW(), 'Cebolla Morada', 1, 900, NULL, 'Kg'),
('0000000b-0000-0000-0000-000000000012', NOW(), 'Harina 0000', 1, 600, NULL, 'Kg'),
('0000000b-0000-0000-0000-000000000013', NOW(), 'Levadura Fresca', 1, 200, NULL, 'Unidad'),
('0000000b-0000-0000-0000-000000000014', NOW(), 'Salsa de Tomate', 1, 1200, NULL, 'Litro'),
('0000000b-0000-0000-0000-000000000015', NOW(), 'Queso Muzzarella', 1, 5500, NULL, 'Kg'),
('0000000b-0000-0000-0000-000000000016', NOW(), 'Aceitunas Verdes', 1, 2500, NULL, 'Kg'),
('0000000b-0000-0000-0000-000000000017', NOW(), 'Aceitunas Negras', 1, 2800, NULL, 'Kg'),
('0000000b-0000-0000-0000-000000000018', NOW(), 'Orégano', 1, 4000, NULL, 'Kg'),
('0000000b-0000-0000-0000-000000000019', NOW(), 'Ajo', 1, 3000, NULL, 'Kg'),
('0000000b-0000-0000-0000-000000000020', NOW(), 'Morrón Rojo', 1, 2000, NULL, 'Kg'),
('0000000b-0000-0000-0000-000000000021', NOW(), 'Morrón Verde', 1, 1800, NULL, 'Kg'),
('0000000b-0000-0000-0000-000000000022', NOW(), 'Aceite de Girasol', 1, 1500, NULL, 'Litro'),
('0000000b-0000-0000-0000-000000000023', NOW(), 'Aceite de Oliva', 1, 4500, NULL, 'Litro'),
('0000000b-0000-0000-0000-000000000024', NOW(), 'Sal Fina', 1, 500, NULL, 'Kg'),
('0000000b-0000-0000-0000-000000000025', NOW(), 'Pimienta Negra', 1, 5000, NULL, 'Kg'),
('0000000b-0000-0000-0000-000000000026', NOW(), 'Pan de Lomo', 1, 250, NULL, 'Unidad'),
('0000000b-0000-0000-0000-000000000027', NOW(), 'Carne de Ternera (Lomo)', 1, 8500, NULL, 'Kg'),
('0000000b-0000-0000-0000-000000000028', NOW(), 'Pechuga de Pollo', 1, 3500, NULL, 'Kg'),
('0000000b-0000-0000-0000-000000000029', NOW(), 'Papa', 1, 800, NULL, 'Kg'),
('0000000b-0000-0000-0000-000000000030', NOW(), 'Batata', 1, 900, NULL, 'Kg'),
('0000000b-0000-0000-0000-000000000031', NOW(), 'Queso Roquefort', 1, 7500, NULL, 'Kg'),
('0000000b-0000-0000-0000-000000000032', NOW(), 'Queso Provolone', 1, 8000, NULL, 'Kg'),
('0000000b-0000-0000-0000-000000000033', NOW(), 'Salame', 1, 6500, NULL, 'Kg'),
('0000000b-0000-0000-0000-000000000034', NOW(), 'Ananá en Almíbar', 1, 2500, NULL, 'Lata'),
('0000000b-0000-0000-0000-000000000035', NOW(), 'Palmitos', 1, 3500, NULL, 'Lata'),
('0000000b-0000-0000-0000-000000000036', NOW(), 'Salsa Golf', 1, 1800, NULL, 'Kg'),
('0000000b-0000-0000-0000-000000000037', NOW(), 'Mayonesa', 1, 1500, NULL, 'Kg'),
('0000000b-0000-0000-0000-000000000038', NOW(), 'Ketchup', 1, 1600, NULL, 'Kg'),
('0000000b-0000-0000-0000-000000000039', NOW(), 'Mostaza', 1, 1700, NULL, 'Kg'),
('0000000b-0000-0000-0000-000000000040', NOW(), 'Ají Molido', 1, 3500, NULL, 'Kg'),
('0000000b-0000-0000-0000-000000000041', NOW(), 'Coca Cola 500ml', 0, 600, 1200, 'Unidad'),
('0000000b-0000-0000-0000-000000000042', NOW(), 'Coca Cola Zero 500ml', 0, 600, 1200, 'Unidad'),
('0000000b-0000-0000-0000-000000000043', NOW(), 'Sprite 500ml', 0, 600, 1200, 'Unidad'),
('0000000b-0000-0000-0000-000000000044', NOW(), 'Sprite Zero 500ml', 0, 600, 1200, 'Unidad'),
('0000000b-0000-0000-0000-000000000045', NOW(), 'Fanta 500ml', 0, 600, 1200, 'Unidad'),
('0000000b-0000-0000-0000-000000000046', NOW(), 'Agua Mineral sin gas 500ml', 0, 400, 800, 'Unidad'),
('0000000b-0000-0000-0000-000000000047', NOW(), 'Agua Mineral con gas 500ml', 0, 400, 800, 'Unidad'),
('0000000b-0000-0000-0000-000000000048', NOW(), 'Cerveza Andes Rubia 1L', 0, 1200, 2500, 'Unidad'),
('0000000b-0000-0000-0000-000000000049', NOW(), 'Cerveza Andes Roja 1L', 0, 1200, 2500, 'Unidad'),
('0000000b-0000-0000-0000-000000000050', NOW(), 'Cerveza Stella Artois 1L', 0, 1800, 3500, 'Unidad'),
('0000000b-0000-0000-0000-000000000051', NOW(), 'Patagonia Amber Lager 730ml', 0, 2000, 4000, 'Unidad'),
('0000000b-0000-0000-0000-000000000052', NOW(), 'Vino Malbec 750ml', 0, 2500, 5000, 'Unidad'),
('0000000b-0000-0000-0000-000000000053', NOW(), 'Lata Coca Cola 354ml', 0, 500, 1000, 'Unidad'),
('0000000b-0000-0000-0000-000000000054', NOW(), 'Lata Sprite 354ml', 0, 500, 1000, 'Unidad'),
('0000000b-0000-0000-0000-000000000055', NOW(), 'Jugo de Naranja 500ml', 0, 700, 1400, 'Unidad');

INSERT INTO `articulo_insumo_categoria_articulo` (`articulo_insumo_id`, `categoria_articulo_id`) VALUES 
('0000000b-0000-0000-0000-000000000001', '0000000a-0000-0000-0000-000000000001'), ('0000000b-0000-0000-0000-000000000002', '0000000a-0000-0000-0000-000000000001'), 
('0000000b-0000-0000-0000-000000000003', '0000000a-0000-0000-0000-000000000001'), ('0000000b-0000-0000-0000-000000000004', '0000000a-0000-0000-0000-000000000001'),
('0000000b-0000-0000-0000-000000000005', '0000000a-0000-0000-0000-000000000001'), ('0000000b-0000-0000-0000-000000000006', '0000000a-0000-0000-0000-000000000001'), 
('0000000b-0000-0000-0000-000000000007', '0000000a-0000-0000-0000-000000000001'), ('0000000b-0000-0000-0000-000000000008', '0000000a-0000-0000-0000-000000000001'),
('0000000b-0000-0000-0000-000000000009', '0000000a-0000-0000-0000-000000000001'), ('0000000b-0000-0000-0000-000000000010', '0000000a-0000-0000-0000-000000000001'), 
('0000000b-0000-0000-0000-000000000011', '0000000a-0000-0000-0000-000000000001'), ('0000000b-0000-0000-0000-000000000012', '0000000a-0000-0000-0000-000000000001'),
('0000000b-0000-0000-0000-000000000013', '0000000a-0000-0000-0000-000000000001'), ('0000000b-0000-0000-0000-000000000014', '0000000a-0000-0000-0000-000000000001'), 
('0000000b-0000-0000-0000-000000000015', '0000000a-0000-0000-0000-000000000001'), ('0000000b-0000-0000-0000-000000000016', '0000000a-0000-0000-0000-000000000001'),
('0000000b-0000-0000-0000-000000000017', '0000000a-0000-0000-0000-000000000001'), ('0000000b-0000-0000-0000-000000000018', '0000000a-0000-0000-0000-000000000001'), 
('0000000b-0000-0000-0000-000000000019', '0000000a-0000-0000-0000-000000000001'), ('0000000b-0000-0000-0000-000000000020', '0000000a-0000-0000-0000-000000000001'),
('0000000b-0000-0000-0000-000000000021', '0000000a-0000-0000-0000-000000000001'), ('0000000b-0000-0000-0000-000000000022', '0000000a-0000-0000-0000-000000000001'), 
('0000000b-0000-0000-0000-000000000023', '0000000a-0000-0000-0000-000000000001'), ('0000000b-0000-0000-0000-000000000024', '0000000a-0000-0000-0000-000000000001'),
('0000000b-0000-0000-0000-000000000025', '0000000a-0000-0000-0000-000000000001'), ('0000000b-0000-0000-0000-000000000026', '0000000a-0000-0000-0000-000000000001'), 
('0000000b-0000-0000-0000-000000000027', '0000000a-0000-0000-0000-000000000001'), ('0000000b-0000-0000-0000-000000000028', '0000000a-0000-0000-0000-000000000001'),
('0000000b-0000-0000-0000-000000000029', '0000000a-0000-0000-0000-000000000001'), ('0000000b-0000-0000-0000-000000000030', '0000000a-0000-0000-0000-000000000001'), 
('0000000b-0000-0000-0000-000000000031', '0000000a-0000-0000-0000-000000000001'), ('0000000b-0000-0000-0000-000000000032', '0000000a-0000-0000-0000-000000000001'),
('0000000b-0000-0000-0000-000000000033', '0000000a-0000-0000-0000-000000000001'), ('0000000b-0000-0000-0000-000000000034', '0000000a-0000-0000-0000-000000000001'), 
('0000000b-0000-0000-0000-000000000035', '0000000a-0000-0000-0000-000000000001'), ('0000000b-0000-0000-0000-000000000036', '0000000a-0000-0000-0000-000000000001'),
('0000000b-0000-0000-0000-000000000037', '0000000a-0000-0000-0000-000000000001'), ('0000000b-0000-0000-0000-000000000038', '0000000a-0000-0000-0000-000000000001'), 
('0000000b-0000-0000-0000-000000000039', '0000000a-0000-0000-0000-000000000001'), ('0000000b-0000-0000-0000-000000000040', '0000000a-0000-0000-0000-000000000001'),
('0000000b-0000-0000-0000-000000000041', '0000000a-0000-0000-0000-000000000002'), ('0000000b-0000-0000-0000-000000000042', '0000000a-0000-0000-0000-000000000002'), 
('0000000b-0000-0000-0000-000000000043', '0000000a-0000-0000-0000-000000000002'), ('0000000b-0000-0000-0000-000000000044', '0000000a-0000-0000-0000-000000000002'),
('0000000b-0000-0000-0000-000000000045', '0000000a-0000-0000-0000-000000000002'), ('0000000b-0000-0000-0000-000000000046', '0000000a-0000-0000-0000-000000000002'), 
('0000000b-0000-0000-0000-000000000047', '0000000a-0000-0000-0000-000000000002'), ('0000000b-0000-0000-0000-000000000048', '0000000a-0000-0000-0000-000000000002'),
('0000000b-0000-0000-0000-000000000049', '0000000a-0000-0000-0000-000000000002'), ('0000000b-0000-0000-0000-000000000050', '0000000a-0000-0000-0000-000000000002'), 
('0000000b-0000-0000-0000-000000000051', '0000000a-0000-0000-0000-000000000002'), ('0000000b-0000-0000-0000-000000000052', '0000000a-0000-0000-0000-000000000002'),
('0000000b-0000-0000-0000-000000000053', '0000000a-0000-0000-0000-000000000002'), ('0000000b-0000-0000-0000-000000000054', '0000000a-0000-0000-0000-000000000002'), 
('0000000b-0000-0000-0000-000000000055', '0000000a-0000-0000-0000-000000000002');

INSERT INTO `categoria_articulo_manufacturado` (`id`, `alta`, `denominacion`) VALUES 
('0000000c-0000-0000-0000-000000000001', NOW(), 'Hamburguesas'),
('0000000c-0000-0000-0000-000000000002', NOW(), 'Pizzas'),
('0000000c-0000-0000-0000-000000000003', NOW(), 'Lomos'),
('0000000c-0000-0000-0000-000000000004', NOW(), 'Guarniciones');

INSERT INTO `articulo_manufacturado` (`id`, `alta`, `denominacion`, `descripcion`, `precio_costo`, `precio_venta`, `tiempo_estimado`, `categoria_articulo_manufacturado_id`) VALUES 
('0000000d-0000-0000-0000-000000000001', NOW(), 'Hamburguesa Simple', 'Medallón de carne con queso tybo', 1000, 3500, 15, '0000000c-0000-0000-0000-000000000001'),
('0000000d-0000-0000-0000-000000000002', NOW(), 'Hamburguesa Clásica', 'Carne, queso, lechuga y tomate', 1200, 4000, 15, '0000000c-0000-0000-0000-000000000001'),
('0000000d-0000-0000-0000-000000000003', NOW(), 'Hamburguesa Completa', 'Carne, queso, jamón, huevo, lechuga y tomate', 1500, 4800, 20, '0000000c-0000-0000-0000-000000000001'),
('0000000d-0000-0000-0000-000000000004', NOW(), 'Hamburguesa Bacon', 'Doble carne, cheddar y mucha panceta', 2000, 5500, 20, '0000000c-0000-0000-0000-000000000001'),
('0000000d-0000-0000-0000-000000000005', NOW(), 'Hamburguesa Doble Cheddar', 'Doble medallón y cuádruple cheddar', 1800, 5200, 20, '0000000c-0000-0000-0000-000000000001'),
('0000000d-0000-0000-0000-000000000006', NOW(), 'Pizza Muzzarella', 'Clásica con abundante queso y aceitunas', 2500, 6000, 25, '0000000c-0000-0000-0000-000000000002'),
('0000000d-0000-0000-0000-000000000007', NOW(), 'Pizza Especial', 'Muzzarella, jamón cocido y morrón', 3000, 7000, 25, '0000000c-0000-0000-0000-000000000002'),
('0000000d-0000-0000-0000-000000000008', NOW(), 'Pizza Napolitana', 'Muzzarella, rodajas de tomate y ajo', 2800, 6800, 25, '0000000c-0000-0000-0000-000000000002'),
('0000000d-0000-0000-0000-000000000009', NOW(), 'Pizza Fugazzeta', 'Muzzarella y cebolla blanca', 2700, 6500, 25, '0000000c-0000-0000-0000-000000000002'),
('0000000d-0000-0000-0000-000000000010', NOW(), 'Pizza Calabresa', 'Muzzarella y salame', 3200, 7500, 25, '0000000c-0000-0000-0000-000000000002'),
('0000000d-0000-0000-0000-000000000011', NOW(), 'Lomo Simple', 'Ternera, queso tybo y mayonesa', 3500, 7500, 20, '0000000c-0000-0000-0000-000000000003'),
('0000000d-0000-0000-0000-000000000012', NOW(), 'Lomo Completo', 'Ternera, queso, jamón, huevo, lechuga y tomate', 4200, 8500, 25, '0000000c-0000-0000-0000-000000000003'),
('0000000d-0000-0000-0000-000000000013', NOW(), 'Lomo de Pollo', 'Pechuga, queso, lechuga y tomate', 3000, 7000, 20, '0000000c-0000-0000-0000-000000000003'),
('0000000d-0000-0000-0000-000000000014', NOW(), 'Porción Papas Fritas', 'Papas bastón clásicas', 800, 2500, 15, '0000000c-0000-0000-0000-000000000004'),
('0000000d-0000-0000-0000-000000000015', NOW(), 'Papas Cheddar y Bacon', 'Papas fritas con cheddar fundido y panceta', 1500, 4000, 15, '0000000c-0000-0000-0000-000000000004');

INSERT INTO `articulo_manufacturado_detalle` (`id`, `alta`, `cantidad`, `articulo_insumo_id`) VALUES 
('0000000e-0000-0000-0000-000000000001', NOW(), 1, '0000000b-0000-0000-0000-000000000001'), ('0000000e-0000-0000-0000-000000000002', NOW(), 1, '0000000b-0000-0000-0000-000000000002'), ('0000000e-0000-0000-0000-000000000003', NOW(), 0.05, '0000000b-0000-0000-0000-000000000004'),
('0000000e-0000-0000-0000-000000000004', NOW(), 1, '0000000b-0000-0000-0000-000000000001'), ('0000000e-0000-0000-0000-000000000005', NOW(), 1, '0000000b-0000-0000-0000-000000000002'), ('0000000e-0000-0000-0000-000000000006', NOW(), 0.05, '0000000b-0000-0000-0000-000000000004'), ('0000000e-0000-0000-0000-000000000007', NOW(), 0.05, '0000000b-0000-0000-0000-000000000008'), ('0000000e-0000-0000-0000-000000000008', NOW(), 0.05, '0000000b-0000-0000-0000-000000000009'),
('0000000e-0000-0000-0000-000000000009', NOW(), 1, '0000000b-0000-0000-0000-000000000001'), ('0000000e-0000-0000-0000-000000000010', NOW(), 1, '0000000b-0000-0000-0000-000000000002'), ('0000000e-0000-0000-0000-000000000011', NOW(), 0.05, '0000000b-0000-0000-0000-000000000004'), ('0000000e-0000-0000-0000-000000000012', NOW(), 0.05, '0000000b-0000-0000-0000-000000000005'), ('0000000e-0000-0000-0000-000000000013', NOW(), 1, '0000000b-0000-0000-0000-000000000007'), ('0000000e-0000-0000-0000-000000000014', NOW(), 0.05, '0000000b-0000-0000-0000-000000000008'), ('0000000e-0000-0000-0000-000000000015', NOW(), 0.05, '0000000b-0000-0000-0000-000000000009'),
('0000000e-0000-0000-0000-000000000016', NOW(), 1, '0000000b-0000-0000-0000-000000000001'), ('0000000e-0000-0000-0000-000000000017', NOW(), 2, '0000000b-0000-0000-0000-000000000002'), ('0000000e-0000-0000-0000-000000000018', NOW(), 0.1, '0000000b-0000-0000-0000-000000000003'), ('0000000e-0000-0000-0000-000000000019', NOW(), 0.1, '0000000b-0000-0000-0000-000000000006'),
('0000000e-0000-0000-0000-000000000020', NOW(), 1, '0000000b-0000-0000-0000-000000000001'), ('0000000e-0000-0000-0000-000000000021', NOW(), 2, '0000000b-0000-0000-0000-000000000002'), ('0000000e-0000-0000-0000-000000000022', NOW(), 0.15, '0000000b-0000-0000-0000-000000000003'),
('0000000e-0000-0000-0000-000000000023', NOW(), 0.3, '0000000b-0000-0000-0000-000000000012'), ('0000000e-0000-0000-0000-000000000024', NOW(), 0.1, '0000000b-0000-0000-0000-000000000014'), ('0000000e-0000-0000-0000-000000000025', NOW(), 0.3, '0000000b-0000-0000-0000-000000000015'), ('0000000e-0000-0000-0000-000000000026', NOW(), 0.05, '0000000b-0000-0000-0000-000000000016'),
('0000000e-0000-0000-0000-000000000027', NOW(), 0.3, '0000000b-0000-0000-0000-000000000012'), ('0000000e-0000-0000-0000-000000000028', NOW(), 0.1, '0000000b-0000-0000-0000-000000000014'), ('0000000e-0000-0000-0000-000000000029', NOW(), 0.3, '0000000b-0000-0000-0000-000000000015'), ('0000000e-0000-0000-0000-000000000030', NOW(), 0.1, '0000000b-0000-0000-0000-000000000005'), ('0000000e-0000-0000-0000-000000000031', NOW(), 0.1, '0000000b-0000-0000-0000-000000000020'),
('0000000e-0000-0000-0000-000000000032', NOW(), 0.3, '0000000b-0000-0000-0000-000000000012'), ('0000000e-0000-0000-0000-000000000033', NOW(), 0.1, '0000000b-0000-0000-0000-000000000014'), ('0000000e-0000-0000-0000-000000000034', NOW(), 0.3, '0000000b-0000-0000-0000-000000000015'), ('0000000e-0000-0000-0000-000000000035', NOW(), 0.1, '0000000b-0000-0000-0000-000000000009'), ('0000000e-0000-0000-0000-000000000036', NOW(), 0.01, '0000000b-0000-0000-0000-000000000019'),
('0000000e-0000-0000-0000-000000000037', NOW(), 0.3, '0000000b-0000-0000-0000-000000000012'), ('0000000e-0000-0000-0000-000000000038', NOW(), 0.3, '0000000b-0000-0000-0000-000000000015'), ('0000000e-0000-0000-0000-000000000039', NOW(), 0.2, '0000000b-0000-0000-0000-000000000010'),
('0000000e-0000-0000-0000-000000000040', NOW(), 0.3, '0000000b-0000-0000-0000-000000000012'), ('0000000e-0000-0000-0000-000000000041', NOW(), 0.1, '0000000b-0000-0000-0000-000000000014'), ('0000000e-0000-0000-0000-000000000042', NOW(), 0.3, '0000000b-0000-0000-0000-000000000015'), ('0000000e-0000-0000-0000-000000000043', NOW(), 0.1, '0000000b-0000-0000-0000-000000000033'),
('0000000e-0000-0000-0000-000000000044', NOW(), 1, '0000000b-0000-0000-0000-000000000026'), ('0000000e-0000-0000-0000-000000000045', NOW(), 0.2, '0000000b-0000-0000-0000-000000000027'), ('0000000e-0000-0000-0000-000000000046', NOW(), 0.05, '0000000b-0000-0000-0000-000000000004'),
('0000000e-0000-0000-0000-000000000047', NOW(), 1, '0000000b-0000-0000-0000-000000000026'), ('0000000e-0000-0000-0000-000000000048', NOW(), 0.2, '0000000b-0000-0000-0000-000000000027'), ('0000000e-0000-0000-0000-000000000049', NOW(), 0.05, '0000000b-0000-0000-0000-000000000004'), ('0000000e-0000-0000-0000-000000000050', NOW(), 0.05, '0000000b-0000-0000-0000-000000000005'), ('0000000e-0000-0000-0000-000000000051', NOW(), 1, '0000000b-0000-0000-0000-000000000007'), ('0000000e-0000-0000-0000-000000000052', NOW(), 0.05, '0000000b-0000-0000-0000-000000000008'), ('0000000e-0000-0000-0000-000000000053', NOW(), 0.05, '0000000b-0000-0000-0000-000000000009'),
('0000000e-0000-0000-0000-000000000054', NOW(), 1, '0000000b-0000-0000-0000-000000000026'), ('0000000e-0000-0000-0000-000000000055', NOW(), 0.2, '0000000b-0000-0000-0000-000000000028'), ('0000000e-0000-0000-0000-000000000056', NOW(), 0.05, '0000000b-0000-0000-0000-000000000004'), ('0000000e-0000-0000-0000-000000000057', NOW(), 0.05, '0000000b-0000-0000-0000-000000000008'), ('0000000e-0000-0000-0000-000000000058', NOW(), 0.05, '0000000b-0000-0000-0000-000000000009'),
('0000000e-0000-0000-0000-000000000059', NOW(), 0.4, '0000000b-0000-0000-0000-000000000029'), ('0000000e-0000-0000-0000-000000000060', NOW(), 0.05, '0000000b-0000-0000-0000-000000000022'), ('0000000e-0000-0000-0000-000000000061', NOW(), 0.01, '0000000b-0000-0000-0000-000000000024'),
('0000000e-0000-0000-0000-000000000062', NOW(), 0.4, '0000000b-0000-0000-0000-000000000029'), ('0000000e-0000-0000-0000-000000000063', NOW(), 0.1, '0000000b-0000-0000-0000-000000000003'), ('0000000e-0000-0000-0000-000000000064', NOW(), 0.05, '0000000b-0000-0000-0000-000000000006');

INSERT INTO `articulo_manufacturado_articulo_manufacturado_detalle` (`articulo_manufacturado_id`, `articulo_manufacturado_detalle_id`) VALUES 
('0000000d-0000-0000-0000-000000000001', '0000000e-0000-0000-0000-000000000001'), ('0000000d-0000-0000-0000-000000000001', '0000000e-0000-0000-0000-000000000002'), ('0000000d-0000-0000-0000-000000000001', '0000000e-0000-0000-0000-000000000003'),
('0000000d-0000-0000-0000-000000000002', '0000000e-0000-0000-0000-000000000004'), ('0000000d-0000-0000-0000-000000000002', '0000000e-0000-0000-0000-000000000005'), ('0000000d-0000-0000-0000-000000000002', '0000000e-0000-0000-0000-000000000006'), ('0000000d-0000-0000-0000-000000000002', '0000000e-0000-0000-0000-000000000007'), ('0000000d-0000-0000-0000-000000000002', '0000000e-0000-0000-0000-000000000008'),
('0000000d-0000-0000-0000-000000000003', '0000000e-0000-0000-0000-000000000009'), ('0000000d-0000-0000-0000-000000000003', '0000000e-0000-0000-0000-000000000010'), ('0000000d-0000-0000-0000-000000000003', '0000000e-0000-0000-0000-000000000011'), ('0000000d-0000-0000-0000-000000000003', '0000000e-0000-0000-0000-000000000012'), ('0000000d-0000-0000-0000-000000000003', '0000000e-0000-0000-0000-000000000013'), ('0000000d-0000-0000-0000-000000000003', '0000000e-0000-0000-0000-000000000014'), ('0000000d-0000-0000-0000-000000000003', '0000000e-0000-0000-0000-000000000015'),
('0000000d-0000-0000-0000-000000000004', '0000000e-0000-0000-0000-000000000016'), ('0000000d-0000-0000-0000-000000000004', '0000000e-0000-0000-0000-000000000017'), ('0000000d-0000-0000-0000-000000000004', '0000000e-0000-0000-0000-000000000018'), ('0000000d-0000-0000-0000-000000000004', '0000000e-0000-0000-0000-000000000019'),
('0000000d-0000-0000-0000-000000000005', '0000000e-0000-0000-0000-000000000020'), ('0000000d-0000-0000-0000-000000000005', '0000000e-0000-0000-0000-000000000021'), ('0000000d-0000-0000-0000-000000000005', '0000000e-0000-0000-0000-000000000022'),
('0000000d-0000-0000-0000-000000000006', '0000000e-0000-0000-0000-000000000023'), ('0000000d-0000-0000-0000-000000000006', '0000000e-0000-0000-0000-000000000024'), ('0000000d-0000-0000-0000-000000000006', '0000000e-0000-0000-0000-000000000025'), ('0000000d-0000-0000-0000-000000000006', '0000000e-0000-0000-0000-000000000026'),
('0000000d-0000-0000-0000-000000000007', '0000000e-0000-0000-0000-000000000027'), ('0000000d-0000-0000-0000-000000000007', '0000000e-0000-0000-0000-000000000028'), ('0000000d-0000-0000-0000-000000000007', '0000000e-0000-0000-0000-000000000029'), ('0000000d-0000-0000-0000-000000000007', '0000000e-0000-0000-0000-000000000030'), ('0000000d-0000-0000-0000-000000000007', '0000000e-0000-0000-0000-000000000031'),
('0000000d-0000-0000-0000-000000000008', '0000000e-0000-0000-0000-000000000032'), ('0000000d-0000-0000-0000-000000000008', '0000000e-0000-0000-0000-000000000033'), ('0000000d-0000-0000-0000-000000000008', '0000000e-0000-0000-0000-000000000034'), ('0000000d-0000-0000-0000-000000000008', '0000000e-0000-0000-0000-000000000035'), ('0000000d-0000-0000-0000-000000000008', '0000000e-0000-0000-0000-000000000036'),
('0000000d-0000-0000-0000-000000000009', '0000000e-0000-0000-0000-000000000037'), ('0000000d-0000-0000-0000-000000000009', '0000000e-0000-0000-0000-000000000038'), ('0000000d-0000-0000-0000-000000000009', '0000000e-0000-0000-0000-000000000039'),
('0000000d-0000-0000-0000-000000000010', '0000000e-0000-0000-0000-000000000040'), ('0000000d-0000-0000-0000-000000000010', '0000000e-0000-0000-0000-000000000041'), ('0000000d-0000-0000-0000-000000000010', '0000000e-0000-0000-0000-000000000042'), ('0000000d-0000-0000-0000-000000000010', '0000000e-0000-0000-0000-000000000043'),
('0000000d-0000-0000-0000-000000000011', '0000000e-0000-0000-0000-000000000044'), ('0000000d-0000-0000-0000-000000000011', '0000000e-0000-0000-0000-000000000045'), ('0000000d-0000-0000-0000-000000000011', '0000000e-0000-0000-0000-000000000046'),
('0000000d-0000-0000-0000-000000000012', '0000000e-0000-0000-0000-000000000047'), ('0000000d-0000-0000-0000-000000000012', '0000000e-0000-0000-0000-000000000048'), ('0000000d-0000-0000-0000-000000000012', '0000000e-0000-0000-0000-000000000049'), ('0000000d-0000-0000-0000-000000000012', '0000000e-0000-0000-0000-000000000050'), ('0000000d-0000-0000-0000-000000000012', '0000000e-0000-0000-0000-000000000051'), ('0000000d-0000-0000-0000-000000000012', '0000000e-0000-0000-0000-000000000052'), ('0000000d-0000-0000-0000-000000000012', '0000000e-0000-0000-0000-000000000053'),
('0000000d-0000-0000-0000-000000000013', '0000000e-0000-0000-0000-000000000054'), ('0000000d-0000-0000-0000-000000000013', '0000000e-0000-0000-0000-000000000055'), ('0000000d-0000-0000-0000-000000000013', '0000000e-0000-0000-0000-000000000056'), ('0000000d-0000-0000-0000-000000000013', '0000000e-0000-0000-0000-000000000057'), ('0000000d-0000-0000-0000-000000000013', '0000000e-0000-0000-0000-000000000058'),
('0000000d-0000-0000-0000-000000000014', '0000000e-0000-0000-0000-000000000059'), ('0000000d-0000-0000-0000-000000000014', '0000000e-0000-0000-0000-000000000060'), ('0000000d-0000-0000-0000-000000000014', '0000000e-0000-0000-0000-000000000061'),
('0000000d-0000-0000-0000-000000000015', '0000000e-0000-0000-0000-000000000062'), ('0000000d-0000-0000-0000-000000000015', '0000000e-0000-0000-0000-000000000063'), ('0000000d-0000-0000-0000-000000000015', '0000000e-0000-0000-0000-000000000064');

INSERT INTO `articulo_manufacturado_path_imagen` (`articulo_manufacturado_id`, `path_imagen`) VALUES
('0000000d-0000-0000-0000-000000000001', NULL),
-- ... resto del insert de manufacturados_path
('0000000d-0000-0000-0000-000000000015', NULL);

INSERT INTO `articulo_insumo_path_imagen` (`articulo_insumo_id`, `path_imagen`) VALUES
('0000000b-0000-0000-0000-000000000001', NULL),
-- ... resto del insert de insumos_path
('0000000b-0000-0000-0000-000000000055', NULL);

INSERT INTO `promocion` (`id`, `alta`, `denominacion`, `descuento`, `fecha_desde`, `fecha_hasta`) VALUES
('0000000f-0000-0000-0000-000000000001', NOW(), 'Promo Burger Simple + Bebida', 500, '2026-01-01', '2026-12-31'),
('0000000f-0000-0000-0000-000000000002', NOW(), 'Promo Pizzas 2x1 (Especial)', 3000, '2026-01-01', '2026-12-31'),
('0000000f-0000-0000-0000-000000000003', NOW(), 'Promo Lomo Completo + Papas', 1000, '2026-01-01', '2026-12-31'),
('0000000f-0000-0000-0000-000000000004', NOW(), 'Happy Hour Cerveza', 500, '2026-01-01', '2026-12-31'),
('0000000f-0000-0000-0000-000000000005', NOW(), 'Menu Infantil (Burger + Papas)', 800, '2026-01-01', '2026-12-31');

INSERT INTO `promocion_detalle` (`id`, `alta`, `cantidad`, `articulo_insumo_id`, `articulo_manufacturado_id`) VALUES
('00000010-0000-0000-0000-000000000001', NOW(), 1, NULL, '0000000d-0000-0000-0000-000000000001'), 
('00000010-0000-0000-0000-000000000002', NOW(), 1, '0000000b-0000-0000-0000-000000000041', NULL),
('00000010-0000-0000-0000-000000000003', NOW(), 2, NULL, '0000000d-0000-0000-0000-000000000007'),
('00000010-0000-0000-0000-000000000004', NOW(), 1, NULL, '0000000d-0000-0000-0000-000000000012'), 
('00000010-0000-0000-0000-000000000005', NOW(), 1, NULL, '0000000d-0000-0000-0000-000000000014'),
('00000010-0000-0000-0000-000000000006', NOW(), 2, '0000000b-0000-0000-0000-000000000048', NULL),
('00000010-0000-0000-0000-000000000007', NOW(), 1, NULL, '0000000d-0000-0000-0000-000000000001'), 
('00000010-0000-0000-0000-000000000008', NOW(), 1, NULL, '0000000d-0000-0000-0000-000000000014');

INSERT INTO `promocion_promocion_detalle` (`promocion_id`, `promocion_detalle_id`) VALUES
('0000000f-0000-0000-0000-000000000001', '00000010-0000-0000-0000-000000000001'), ('0000000f-0000-0000-0000-000000000001', '00000010-0000-0000-0000-000000000002'),
('0000000f-0000-0000-0000-000000000002', '00000010-0000-0000-0000-000000000003'),
('0000000f-0000-0000-0000-000000000003', '00000010-0000-0000-0000-000000000004'), ('0000000f-0000-0000-0000-000000000003', '00000010-0000-0000-0000-000000000005'),
('0000000f-0000-0000-0000-000000000004', '00000010-0000-0000-0000-000000000006'),
('0000000f-0000-0000-0000-000000000005', '00000010-0000-0000-0000-000000000007'), ('0000000f-0000-0000-0000-000000000005', '00000010-0000-0000-0000-000000000008');

INSERT INTO `datos_mercado_pago` (`id`, `alta`, `payment_id`, `payment_method_id`, `payment_type`, `status`) VALUES
('00000011-0000-0000-0000-000000000001', NOW(), '987654321', 'visa', 'credit_card', 'approved'),
('00000011-0000-0000-0000-000000000002', NOW(), '987654322', 'master', 'credit_card', 'approved'),
('00000011-0000-0000-0000-000000000003', NOW(), '987654323', 'account_money', 'account_money', 'approved');

INSERT INTO `factura_venta` (`id`, `alta`, `descuento`, `fecha_facturacion`, `forma_pago`, `gastos_envio`, `numero_comprobante`, `sub_total`, `total_venta`, `datosmp_id`) VALUES
('00000012-0000-0000-0000-000000000001', NOW(), 0, NOW(), 1, 500, 10001, 7500, 8000, '00000011-0000-0000-0000-000000000001'),
('00000012-0000-0000-0000-000000000002', NOW(), 0, NOW(), 0, 0, 10002, 6000, 6000, NULL),
('00000012-0000-0000-0000-000000000003', NOW(), 0, NOW(), 1, 500, 10003, 4000, 4500, '00000011-0000-0000-0000-000000000002'),
('00000012-0000-0000-0000-000000000004', NOW(), 0, NOW(), 0, 0, 10004, 7500, 7500, NULL),
('00000012-0000-0000-0000-000000000005', NOW(), 0, NOW(), 1, 500, 10005, 8500, 9000, '00000011-0000-0000-0000-000000000003'),
('00000012-0000-0000-0000-000000000006', NOW(), 0, NOW(), 0, 500, 10006, 3500, 4000, NULL);

INSERT INTO `factura_venta_detalle` (`id`, `alta`, `cantidad`, `sub_total`) VALUES
('00000013-0000-0000-0000-000000000001', NOW(), 1, 7500),
('00000013-0000-0000-0000-000000000002', NOW(), 1, 6000),
('00000013-0000-0000-0000-000000000003', NOW(), 1, 4000),
('00000013-0000-0000-0000-000000000004', NOW(), 1, 7500),
('00000013-0000-0000-0000-000000000005', NOW(), 1, 8500),
('00000013-0000-0000-0000-000000000006', NOW(), 1, 3500);

INSERT INTO `factura_venta_detalle_articulo_manufacturado` (`factura_venta_detalle_id`, `articulo_manufacturado_id`) VALUES
('00000013-0000-0000-0000-000000000001', '0000000d-0000-0000-0000-000000000011'), ('00000013-0000-0000-0000-000000000002', '0000000d-0000-0000-0000-000000000006'), ('00000013-0000-0000-0000-000000000003', '0000000d-0000-0000-0000-000000000002'),
('00000013-0000-0000-0000-000000000004', '0000000d-0000-0000-0000-000000000010'), ('00000013-0000-0000-0000-000000000005', '0000000d-0000-0000-0000-000000000012'), ('00000013-0000-0000-0000-000000000006', '0000000d-0000-0000-0000-000000000001');

INSERT INTO `factura_venta_factura_venta_detalle` (`factura_venta_id`, `factura_venta_detalle_id`) VALUES
('00000012-0000-0000-0000-000000000001', '00000013-0000-0000-0000-000000000001'), ('00000012-0000-0000-0000-000000000002', '00000013-0000-0000-0000-000000000002'), ('00000012-0000-0000-0000-000000000003', '00000013-0000-0000-0000-000000000003'),
('00000012-0000-0000-0000-000000000004', '00000013-0000-0000-0000-000000000004'), ('00000012-0000-0000-0000-000000000005', '00000013-0000-0000-0000-000000000005'), ('00000012-0000-0000-0000-000000000006', '00000013-0000-0000-0000-000000000006');

INSERT INTO `pedido_venta_detalle` (`id`, `alta`, `cantidad`, `sub_total`, `articulo_insumo_id`, `articulo_manufacturado_id`) VALUES
('00000015-0000-0000-0000-000000000001', NOW(), 1, 7500, NULL, '0000000d-0000-0000-0000-000000000011'), ('00000015-0000-0000-0000-000000000002', NOW(), 1, 6000, NULL, '0000000d-0000-0000-0000-000000000006'), ('00000015-0000-0000-0000-000000000003', NOW(), 1, 4000, NULL, '0000000d-0000-0000-0000-000000000002'),
('00000015-0000-0000-0000-000000000004', NOW(), 1, 7500, NULL, '0000000d-0000-0000-0000-000000000010'), ('00000015-0000-0000-0000-000000000005', NOW(), 1, 8500, NULL, '0000000d-0000-0000-0000-000000000012'), ('00000015-0000-0000-0000-000000000006', NOW(), 1, 3500, NULL, '0000000d-0000-0000-0000-000000000001'),
('00000015-0000-0000-0000-000000000007', NOW(), 2, 7000, NULL, '0000000d-0000-0000-0000-000000000001'), ('00000015-0000-0000-0000-000000000008', NOW(), 1, 6000, NULL, '0000000d-0000-0000-0000-000000000006'), ('00000015-0000-0000-0000-000000000009', NOW(), 1, 4000, NULL, '0000000d-0000-0000-0000-000000000002'),
('00000015-0000-0000-0000-000000000010', NOW(), 1, 5500, NULL, '0000000d-0000-0000-0000-000000000004'), ('00000015-0000-0000-0000-000000000011', NOW(), 1, 8500, NULL, '0000000d-0000-0000-0000-000000000012'), ('00000015-0000-0000-0000-000000000012', NOW(), 2, 5000, NULL, '0000000d-0000-0000-0000-000000000014'),
('00000015-0000-0000-0000-000000000013', NOW(), 1, 6800, NULL, '0000000d-0000-0000-0000-000000000008'), ('00000015-0000-0000-0000-000000000014', NOW(), 1, 6500, NULL, '0000000d-0000-0000-0000-000000000009'), ('00000015-0000-0000-0000-000000000015', NOW(), 1, 7500, NULL, '0000000d-0000-0000-0000-000000000011'),
('00000015-0000-0000-0000-000000000016', NOW(), 1, 4800, NULL, '0000000d-0000-0000-0000-000000000003'), ('00000015-0000-0000-0000-000000000017', NOW(), 1, 4000, NULL, '0000000d-0000-0000-0000-000000000015'), ('00000015-0000-0000-0000-000000000018', NOW(), 2, 8000, NULL, '0000000d-0000-0000-0000-000000000002'),
('00000015-0000-0000-0000-000000000019', NOW(), 1, 7000, NULL, '0000000d-0000-0000-0000-000000000007'), ('00000015-0000-0000-0000-000000000020', NOW(), 1, 7500, NULL, '0000000d-0000-0000-0000-000000000010'), ('00000015-0000-0000-0000-000000000021', NOW(), 1, 8500, NULL, '0000000d-0000-0000-0000-000000000012'),
('00000015-0000-0000-0000-000000000022', NOW(), 1, 3500, NULL, '0000000d-0000-0000-0000-000000000001'), ('00000015-0000-0000-0000-000000000023', NOW(), 1, 6000, NULL, '0000000d-0000-0000-0000-000000000006'), ('00000015-0000-0000-0000-000000000024', NOW(), 1, 5500, NULL, '0000000d-0000-0000-0000-000000000004'),
('00000015-0000-0000-0000-000000000025', NOW(), 2, 9600, NULL, '0000000d-0000-0000-0000-000000000003'), ('00000015-0000-0000-0000-000000000026', NOW(), 1, 5200, NULL, '0000000d-0000-0000-0000-000000000005'), ('00000015-0000-0000-0000-000000000027', NOW(), 1, 6800, NULL, '0000000d-0000-0000-0000-000000000008'),
('00000015-0000-0000-0000-000000000028', NOW(), 1, 7500, NULL, '0000000d-0000-0000-0000-000000000011'), ('00000015-0000-0000-0000-000000000029', NOW(), 1, 4000, NULL, '0000000d-0000-0000-0000-000000000015'), ('00000015-0000-0000-0000-000000000030', NOW(), 2, 7000, NULL, '0000000d-0000-0000-0000-000000000001');

INSERT INTO `pedido_venta` (`id`, `alta`, `descuento`, `estado`, `fecha_pedido`, `forma_pago`, `gastos_envio`, `hora_estimada_finalizacion`, `subtotal`, `tipo_envio`, `total`, `total_costo`, `cliente_id`, `empleado_id`, `factura_id`, `sucursal_id`) VALUES
('00000014-0000-0000-0000-000000000001', NOW(), 0, 4, NOW(), 1, 500, NOW(), 7500, 0, 8000, 3500, '00000008-0000-0000-0000-000000000001', '00000009-0000-0000-0000-000000000001', '00000012-0000-0000-0000-000000000001', '00000006-0000-0000-0000-000000000001'),
('00000014-0000-0000-0000-000000000002', NOW(), 0, 4, NOW(), 0, 0, NOW(), 6000, 1, 6000, 2500, '00000008-0000-0000-0000-000000000002', '00000009-0000-0000-0000-000000000001', '00000012-0000-0000-0000-000000000002', '00000006-0000-0000-0000-000000000001'),
('00000014-0000-0000-0000-000000000003', NOW(), 0, 4, NOW(), 1, 500, NOW(), 4000, 0, 4500, 1200, '00000008-0000-0000-0000-000000000003', '00000009-0000-0000-0000-000000000001', '00000012-0000-0000-0000-000000000003', '00000006-0000-0000-0000-000000000001'),
('00000014-0000-0000-0000-000000000004', NOW(), 0, 4, NOW(), 0, 0, NOW(), 7500, 1, 7500, 3200, '00000008-0000-0000-0000-000000000004', '00000009-0000-0000-0000-000000000001', '00000012-0000-0000-0000-000000000004', '00000006-0000-0000-0000-000000000001'),
('00000014-0000-0000-0000-000000000005', NOW(), 0, 4, NOW(), 1, 500, NOW(), 8500, 0, 9000, 4200, '00000008-0000-0000-0000-000000000005', '00000009-0000-0000-0000-000000000001', '00000012-0000-0000-0000-000000000005', '00000006-0000-0000-0000-000000000001'),
('00000014-0000-0000-0000-000000000006', NOW(), 0, 4, NOW(), 0, 500, NOW(), 3500, 0, 4000, 1000, '00000008-0000-0000-0000-000000000006', '00000009-0000-0000-0000-000000000001', '00000012-0000-0000-0000-000000000006', '00000006-0000-0000-0000-000000000001'),
('00000014-0000-0000-0000-000000000007', NOW(), 0, 3, NOW(), 1, 500, NOW(), 7000, 0, 7500, 2000, '00000008-0000-0000-0000-000000000007', '00000009-0000-0000-0000-000000000001', NULL, '00000006-0000-0000-0000-000000000001'),
('00000014-0000-0000-0000-000000000008', NOW(), 0, 3, NOW(), 0, 0, NOW(), 6000, 1, 6000, 2500, '00000008-0000-0000-0000-000000000008', '00000009-0000-0000-0000-000000000001', NULL, '00000006-0000-0000-0000-000000000001'),
('00000014-0000-0000-0000-000000000009', NOW(), 0, 3, NOW(), 1, 500, NOW(), 4000, 0, 4500, 1200, '00000008-0000-0000-0000-000000000009', '00000009-0000-0000-0000-000000000001', NULL, '00000006-0000-0000-0000-000000000001'),
('00000014-0000-0000-0000-000000000010', NOW(), 0, 3, NOW(), 0, 0, NOW(), 5500, 1, 5500, 2000, '00000008-0000-0000-0000-000000000010', '00000009-0000-0000-0000-000000000001', NULL, '00000006-0000-0000-0000-000000000001'),
('00000014-0000-0000-0000-000000000011', NOW(), 0, 3, NOW(), 1, 500, NOW(), 8500, 0, 9000, 4200, '00000008-0000-0000-0000-000000000011', '00000009-0000-0000-0000-000000000001', NULL, '00000006-0000-0000-0000-000000000001'),
('00000014-0000-0000-0000-000000000012', NOW(), 0, 3, NOW(), 0, 500, NOW(), 5000, 0, 5500, 1600, '00000008-0000-0000-0000-000000000012', '00000009-0000-0000-0000-000000000001', NULL, '00000006-0000-0000-0000-000000000001'),
('00000014-0000-0000-0000-000000000013', NOW(), 0, 2, NOW(), 1, 0, NOW(), 6800, 1, 6800, 2800, '00000008-0000-0000-0000-000000000013', '00000009-0000-0000-0000-000000000001', NULL, '00000006-0000-0000-0000-000000000001'),
('00000014-0000-0000-0000-000000000014', NOW(), 0, 2, NOW(), 0, 500, NOW(), 6500, 0, 7000, 2700, '00000008-0000-0000-0000-000000000014', '00000009-0000-0000-0000-000000000001', NULL, '00000006-0000-0000-0000-000000000001'),
('00000014-0000-0000-0000-000000000015', NOW(), 0, 2, NOW(), 1, 0, NOW(), 7500, 1, 7500, 3500, '00000008-0000-0000-0000-000000000015', '00000009-0000-0000-0000-000000000001', NULL, '00000006-0000-0000-0000-000000000001'),
('00000014-0000-0000-0000-000000000016', NOW(), 0, 2, NOW(), 0, 500, NOW(), 4800, 0, 5300, 1500, '00000008-0000-0000-0000-000000000001', '00000009-0000-0000-0000-000000000001', NULL, '00000006-0000-0000-0000-000000000001'),
('00000014-0000-0000-0000-000000000017', NOW(), 0, 2, NOW(), 1, 0, NOW(), 4000, 1, 4000, 1500, '00000008-0000-0000-0000-000000000002', '00000009-0000-0000-0000-000000000001', NULL, '00000006-0000-0000-0000-000000000001'),
('00000014-0000-0000-0000-000000000018', NOW(), 0, 2, NOW(), 0, 500, NOW(), 8000, 0, 8500, 2400, '00000008-0000-0000-0000-000000000003', '00000009-0000-0000-0000-000000000001', NULL, '00000006-0000-0000-0000-000000000001'),
('00000014-0000-0000-0000-000000000019', NOW(), 0, 1, NOW(), 1, 500, NOW(), 7000, 0, 7500, 3000, '00000008-0000-0000-0000-000000000004', '00000009-0000-0000-0000-000000000001', NULL, '00000006-0000-0000-0000-000000000001'),
('00000014-0000-0000-0000-000000000020', NOW(), 0, 1, NOW(), 0, 0, NOW(), 7500, 1, 7500, 3200, '00000008-0000-0000-0000-000000000005', '00000009-0000-0000-0000-000000000001', NULL, '00000006-0000-0000-0000-000000000001'),
('00000014-0000-0000-0000-000000000021', NOW(), 0, 1, NOW(), 1, 500, NOW(), 8500, 0, 9000, 4200, '00000008-0000-0000-0000-000000000006', '00000009-0000-0000-0000-000000000001', NULL, '00000006-0000-0000-0000-000000000001'),
('00000014-0000-0000-0000-000000000022', NOW(), 0, 1, NOW(), 0, 500, NOW(), 3500, 0, 4000, 1000, '00000008-0000-0000-0000-000000000007', '00000009-0000-0000-0000-000000000001', NULL, '00000006-0000-0000-0000-000000000001'),
('00000014-0000-0000-0000-000000000023', NOW(), 0, 1, NOW(), 1, 0, NOW(), 6000, 1, 6000, 2500, '00000008-0000-0000-0000-000000000008', '00000009-0000-0000-0000-000000000001', NULL, '00000006-0000-0000-0000-000000000001'),
('00000014-0000-0000-0000-000000000024', NOW(), 0, 1, NOW(), 0, 500, NOW(), 5500, 0, 6000, 2000, '00000008-0000-0000-0000-000000000009', '00000009-0000-0000-0000-000000000001', NULL, '00000006-0000-0000-0000-000000000001'),
('00000014-0000-0000-0000-000000000025', NOW(), 0, 0, NOW(), 1, 500, NOW(), 9600, 0, 10100, 3000, '00000008-0000-0000-0000-000000000010', NULL, NULL, '00000006-0000-0000-0000-000000000001'),
('00000014-0000-0000-0000-000000000026', NOW(), 0, 0, NOW(), 0, 0, NOW(), 5200, 1, 5200, 1800, '00000008-0000-0000-0000-000000000011', NULL, NULL, '00000006-0000-0000-0000-000000000001'),
('00000014-0000-0000-0000-000000000027', NOW(), 0, 0, NOW(), 1, 500, NOW(), 6800, 0, 7300, 2800, '00000008-0000-0000-0000-000000000012', NULL, NULL, '00000006-0000-0000-0000-000000000001'),
('00000014-0000-0000-0000-000000000028', NOW(), 0, 0, NOW(), 0, 500, NOW(), 7500, 0, 8000, 3500, '00000008-0000-0000-0000-000000000013', NULL, NULL, '00000006-0000-0000-0000-000000000001'),
('00000014-0000-0000-0000-000000000029', NOW(), 0, 0, NOW(), 1, 0, NOW(), 4000, 1, 4000, 1500, '00000008-0000-0000-0000-000000000014', NULL, NULL, '00000006-0000-0000-0000-000000000001'),
('00000014-0000-0000-0000-000000000030', NOW(), 0, 0, NOW(), 0, 500, NOW(), 7000, 0, 7500, 2000, '00000008-0000-0000-0000-000000000015', NULL, NULL, '00000006-0000-0000-0000-000000000001');

INSERT INTO `pedido_venta_pedido_venta_detalle` (`pedido_venta_id`, `pedido_venta_detalle_id`) VALUES
('00000014-0000-0000-0000-000000000001', '00000015-0000-0000-0000-000000000001'), ('00000014-0000-0000-0000-000000000002', '00000015-0000-0000-0000-000000000002'), ('00000014-0000-0000-0000-000000000003', '00000015-0000-0000-0000-000000000003'), ('00000014-0000-0000-0000-000000000004', '00000015-0000-0000-0000-000000000004'), ('00000014-0000-0000-0000-000000000005', '00000015-0000-0000-0000-000000000005'), ('00000014-0000-0000-0000-000000000006', '00000015-0000-0000-0000-000000000006'),
('00000014-0000-0000-0000-000000000007', '00000015-0000-0000-0000-000000000007'), ('00000014-0000-0000-0000-000000000008', '00000015-0000-0000-0000-000000000008'), ('00000014-0000-0000-0000-000000000009', '00000015-0000-0000-0000-000000000009'), ('00000014-0000-0000-0000-000000000010', '00000015-0000-0000-0000-000000000010'), ('00000014-0000-0000-0000-000000000011', '00000015-0000-0000-0000-000000000011'), ('00000014-0000-0000-0000-000000000012', '00000015-0000-0000-0000-000000000012'),
('00000014-0000-0000-0000-000000000013', '00000015-0000-0000-0000-000000000013'), ('00000014-0000-0000-0000-000000000014', '00000015-0000-0000-0000-000000000014'), ('00000014-0000-0000-0000-000000000015', '00000015-0000-0000-0000-000000000015'), ('00000014-0000-0000-0000-000000000016', '00000015-0000-0000-0000-000000000016'), ('00000014-0000-0000-0000-000000000017', '00000015-0000-0000-0000-000000000017'), ('00000014-0000-0000-0000-000000000018', '00000015-0000-0000-0000-000000000018'),
('00000014-0000-0000-0000-000000000019', '00000015-0000-0000-0000-000000000019'), ('00000014-0000-0000-0000-000000000020', '00000015-0000-0000-0000-000000000020'), ('00000014-0000-0000-0000-000000000021', '00000015-0000-0000-0000-000000000021'), ('00000014-0000-0000-0000-000000000022', '00000015-0000-0000-0000-000000000022'), ('00000014-0000-0000-0000-000000000023', '00000015-0000-0000-0000-000000000023'), ('00000014-0000-0000-0000-000000000024', '00000015-0000-0000-0000-000000000024'),
('00000014-0000-0000-0000-000000000025', '00000015-0000-0000-0000-000000000025'), ('00000014-0000-0000-0000-000000000026', '00000015-0000-0000-0000-000000000026'), ('00000014-0000-0000-0000-000000000027', '00000015-0000-0000-0000-000000000027'), ('00000014-0000-0000-0000-000000000028', '00000015-0000-0000-0000-000000000028'), ('00000014-0000-0000-0000-000000000029', '00000015-0000-0000-0000-000000000029'), ('00000014-0000-0000-0000-000000000030', '00000015-0000-0000-0000-000000000030');